rank,crate,version,dir,download_status,analysis_status,PUBLIC_ADTS,PUBLIC_ISOLATED_FNS,PUBLIC_ADT_ASSOC_FNS,PUBLIC_APIS,PUBLIC_UNSAFE_FNS,PUBLIC_UNSAFE_ENCAPS,PRIVATE_UNSAFE_ENCAPS,ISOLATED_UNSAFE_ENCAPS,unsafe_total,kept,pruned,analysis_error
1,syn,2.0.117,/data/huanli/downloads/popular_crates/syn-2.0.117,exists,SUCCESS,292,186,197,383,0,9,88,9,97,True,False,
2,hashbrown,0.17.1,/data/huanli/downloads/popular_crates/hashbrown-0.17.1,exists,SUCCESS,53,1,231,232,14,44,54,44,112,True,False,
4,getrandom,0.4.2,/data/huanli/downloads/popular_crates/getrandom-0.4.2,exists,SUCCESS,1,13,2,15,3,7,4,0,14,True,False,
6,proc-macro2,1.0.106,/data/huanli/downloads/popular_crates/proc-macro2-1.0.106,exists,SUCCESS,12,8,70,78,1,0,0,0,1,True,False,
7,libc,0.2.186,/data/huanli/downloads/popular_crates/libc-0.2.186,exists,SUCCESS,317,911,7,918,51,0,0,0,51,True,False,
9,rand,0.10.1,/data/huanli/downloads/popular_crates/rand-0.10.1,exists,SUCCESS,31,11,18,29,0,1,10,1,11,True,False,
11,indexmap,2.14.0,/data/huanli/downloads/popular_crates/indexmap-2.14.0,exists,SUCCESS,38,1,320,321,0,0,11,0,11,True,False,
18,thiserror,2.0.18,/data/huanli/downloads/popular_crates/thiserror-2.0.18,exists,SUCCESS,29,1,0,1,0,0,2,0,2,True,False,
19,rand_chacha,0.10.0,/data/huanli/downloads/popular_crates/rand_chacha-0.10.0,exists,SUCCESS,8,0,22,22,0,0,7,0,7,True,False,
20,memchr,2.8.0,/data/huanli/downloads/popular_crates/memchr-2.8.0,exists,SUCCESS,37,20,132,152,30,42,31,27,103,True,False,
23,itoa,1.0.18,/data/huanli/downloads/popular_crates/itoa-1.0.18,exists,SUCCESS,1,1,2,3,0,1,10,1,11,True,False,
26,serde_json,1.0.149,/data/huanli/downloads/popular_crates/serde_json-1.0.149,exists,SUCCESS,37,41,102,143,0,2,3,0,5,True,False,
27,regex-automata,0.4.14,/data/huanli/downloads/popular_crates/regex-automata-0.4.14,exists,SUCCESS,117,10,764,774,3,2,12,1,17,True,False,
28,log,0.4.29,/data/huanli/downloads/popular_crates/log-0.4.29,exists,SUCCESS,9,9,40,49,2,3,1,0,6,True,False,
29,once_cell,1.21.4,/data/huanli/downloads/popular_crates/once_cell-1.21.4,exists,SUCCESS,8,0,56,56,2,8,6,8,16,True,False,
30,cc,1.2.62,/data/huanli/downloads/popular_crates/cc-1.2.62,exists,SUCCESS,5,3,78,81,0,0,3,0,3,True,False,
32,ryu,1.0.23,/data/huanli/downloads/popular_crates/ryu-1.0.23,exists,SUCCESS,8,92,3,95,13,6,0,1,19,True,False,
34,socket2,0.6.3,/data/huanli/downloads/popular_crates/socket2-0.6.3,exists,SUCCESS,14,0,134,134,4,34,25,31,63,True,False,
35,smallvec,1.15.1,/data/huanli/downloads/popular_crates/smallvec-1.15.1,exists,SUCCESS,4,0,50,50,3,18,10,15,31,True,False,
38,rustix,1.1.4,/data/huanli/downloads/popular_crates/rustix-1.1.4,exists,SUCCESS,11,29,10,39,8,6,6,0,20,True,False,
50,bytes,1.11.1,/data/huanli/downloads/popular_crates/bytes-1.11.1,exists,SUCCESS,10,3,66,69,3,15,20,13,38,True,False,
51,semver,1.0.28,/data/huanli/downloads/popular_crates/semver-1.0.28,exists,SUCCESS,7,1,13,14,0,0,9,0,9,True,False,
53,mio,1.2.0,/data/huanli/downloads/popular_crates/mio-1.2.0,exists,SUCCESS,10,10,33,43,0,1,2,1,3,True,False,
56,pin-project-lite,0.2.17,/data/huanli/downloads/popular_crates/pin-project-lite-0.2.17,exists,SUCCESS,4,0,2,2,2,0,2,0,4,True,False,
59,http,1.4.0,/data/huanli/downloads/popular_crates/http-1.4.0,exists,SUCCESS,47,0,201,201,2,7,18,5,27,True,False,
60,block-buffer,0.12.0,/data/huanli/downloads/popular_crates/block-buffer-0.12.0,exists,SUCCESS,5,0,25,25,0,10,4,8,14,True,False,
63,anyhow,1.0.102,/data/huanli/downloads/popular_crates/anyhow-1.0.102,exists,SUCCESS,19,13,45,58,4,9,14,8,27,True,False,
65,tokio,1.52.3,/data/huanli/downloads/popular_crates/tokio-1.52.3,exists,SUCCESS,2,1,18,19,3,7,6,6,16,True,False,
66,time,0.3.47,/data/huanli/downloads/popular_crates/time-0.3.47,exists,SUCCESS,20,2,306,308,3,29,15,18,47,True,False,
68,hyper,1.9.0,/data/huanli/downloads/popular_crates/hyper-1.9.0,exists,SUCCESS,9,2,18,20,2,5,1,4,8,True,False,
73,slab,0.4.12,/data/huanli/downloads/popular_crates/slab-0.4.12,exists,SUCCESS,7,0,30,30,3,1,0,1,4,True,False,
75,url,2.5.8,/data/huanli/downloads/popular_crates/url-2.5.8,exists,SUCCESS,14,29,78,107,0,0,1,0,1,True,False,
76,futures-core,0.3.32,/data/huanli/downloads/popular_crates/futures-core-0.3.32,exists,SUCCESS,1,0,4,4,0,1,0,1,1,True,False,
78,generic-array,1.4.1,/data/huanli/downloads/popular_crates/generic-array-1.4.1,exists,SUCCESS,10,1,44,45,13,23,42,7,78,True,False,
79,futures-util,0.3.32,/data/huanli/downloads/popular_crates/futures-util-0.3.32,exists,SUCCESS,31,32,18,50,0,4,2,4,6,True,False,
80,futures-task,0.3.32,/data/huanli/downloads/popular_crates/futures-task-0.3.32,exists,SUCCESS,4,4,7,11,1,4,5,0,10,True,False,
81,sha2,0.11.0,/data/huanli/downloads/popular_crates/sha2-0.11.0,exists,SUCCESS,10,8,6,14,0,0,6,0,6,True,False,
82,tracing-core,0.1.36,/data/huanli/downloads/popular_crates/tracing-core-0.1.36,exists,SUCCESS,33,10,100,110,0,7,2,4,9,True,False,
83,clap_lex,1.1.0,/data/huanli/downloads/popular_crates/clap_lex-1.1.0,exists,SUCCESS,5,0,27,27,0,1,2,1,3,True,False,
88,futures-channel,0.3.32,/data/huanli/downloads/popular_crates/futures-channel-0.3.32,exists,SUCCESS,13,3,43,46,0,1,8,1,9,True,False,
89,tracing,0.1.44,/data/huanli/downloads/popular_crates/tracing-0.1.44,exists,SUCCESS,6,32,41,73,0,2,2,2,4,True,False,
90,h2,0.4.14,/data/huanli/downloads/popular_crates/h2-0.4.14,exists,SUCCESS,73,10,325,335,0,0,1,0,1,True,False,
92,zerocopy,0.8.48,/data/huanli/downloads/popular_crates/zerocopy-0.8.48,exists,SUCCESS,243,4,160,164,12,26,59,13,97,True,False,
93,chrono,0.4.44,/data/huanli/downloads/popular_crates/chrono-0.4.44,exists,SUCCESS,41,4,318,322,0,0,2,0,2,True,False,
101,nix,0.31.3,/data/huanli/downloads/popular_crates/nix-0.31.3,exists,SUCCESS,6,9,24,33,0,4,3,0,7,True,False,
103,uuid,1.23.1,/data/huanli/downloads/popular_crates/uuid-1.23.1,exists,SUCCESS,14,0,98,98,1,6,4,5,11,True,False,
104,tokio-util,0.7.18,/data/huanli/downloads/popular_crates/tokio-util-0.7.18,exists,SUCCESS,13,0,33,33,0,0,22,0,22,True,False,
105,winnow,1.0.2,/data/huanli/downloads/popular_crates/winnow-1.0.2,exists,SUCCESS,56,115,51,166,0,0,2,0,2,True,False,
124,futures-executor,0.3.32,/data/huanli/downloads/popular_crates/futures-executor-0.3.32,exists,SUCCESS,5,3,7,10,0,2,0,1,2,True,False,
129,signal-hook-registry,1.4.8,/data/huanli/downloads/popular_crates/signal-hook-registry-1.4.8,exists,SUCCESS,2,6,9,15,4,0,7,0,11,True,False,
142,flate2,1.1.9,/data/huanli/downloads/popular_crates/flate2-1.1.9,exists,SUCCESS,41,8,214,222,0,2,1,2,3,True,False,
143,reqwest,0.13.3,/data/huanli/downloads/popular_crates/reqwest-0.13.3,exists,SUCCESS,30,4,178,182,0,0,1,0,1,True,False,
144,anstyle,1.0.14,/data/huanli/downloads/popular_crates/anstyle-1.0.14,exists,SUCCESS,8,0,56,56,0,0,1,0,1,True,False,
150,object,0.39.1,/data/huanli/downloads/popular_crates/object-0.39.1,exists,SUCCESS,412,20,568,588,0,8,2,0,10,True,False,
162,anstream,1.0.0,/data/huanli/downloads/popular_crates/anstream-1.0.0,exists,SUCCESS,11,5,32,37,0,0,1,0,1,True,False,
165,gimli,0.33.0,/data/huanli/downloads/popular_crates/gimli-0.33.0,exists,SUCCESS,290,10,832,842,0,4,7,4,11,True,False,
174,pin-project,1.1.12,/data/huanli/downloads/popular_crates/pin-project-1.1.12,exists,SUCCESS,7,0,2,2,2,0,2,0,4,True,False,
177,anstyle-parse,1.0.0,/data/huanli/downloads/popular_crates/anstyle-parse-1.0.0,exists,SUCCESS,7,1,5,6,0,0,2,0,2,True,False,
183,tracing-subscriber,0.3.23,/data/huanli/downloads/popular_crates/tracing-subscriber-0.3.23,exists,SUCCESS,61,15,156,171,0,1,0,1,1,True,False,
190,prost,0.14.3,/data/huanli/downloads/popular_crates/prost-0.14.3,exists,SUCCESS,5,152,5,157,0,1,1,0,2,True,False,
191,addr2line,0.26.1,/data/huanli/downloads/popular_crates/addr2line-0.26.1,exists,SUCCESS,10,2,26,28,0,1,1,0,2,True,False,
202,bumpalo,3.20.2,/data/huanli/downloads/popular_crates/bumpalo-3.20.2,exists,SUCCESS,7,1,43,44,1,17,7,17,25,True,False,
206,rayon,1.12.0,/data/huanli/downloads/popular_crates/rayon-1.12.0,exists,SUCCESS,117,12,10,22,0,0,25,0,25,True,False,
212,zerocopy-derive,0.8.48,/data/huanli/downloads/popular_crates/zerocopy-derive-0.8.48,exists,SUCCESS,74,76,0,76,0,0,1,0,1,True,False,
224,wasm-bindgen,0.2.121,/data/huanli/downloads/popular_crates/wasm-bindgen-0.2.121,exists,SUCCESS,26,32,91,123,5,6,62,0,73,True,False,
233,openssl-sys,0.9.115,/data/huanli/downloads/popular_crates/openssl-sys-0.9.115,exists,SUCCESS,149,1344,0,1344,82,0,0,0,82,True,False,
237,sha1,0.11.0,/data/huanli/downloads/popular_crates/sha1-0.11.0,exists,SUCCESS,3,4,3,7,0,0,1,0,1,True,False,
240,tinystr,0.8.3,/data/huanli/downloads/popular_crates/tinystr-0.8.3,exists,SUCCESS,6,4,60,64,2,12,4,10,18,True,False,
241,derive_more,2.1.1,/data/huanli/downloads/popular_crates/derive_more-2.1.1,exists,SUCCESS,12,0,0,0,0,0,3,0,3,True,False,
242,tokio-stream,0.1.18,/data/huanli/downloads/popular_crates/tokio-stream-0.1.18,exists,SUCCESS,34,8,31,39,0,4,0,0,4,True,False,
245,js-sys,0.3.98,/data/huanli/downloads/popular_crates/js-sys-0.3.98,exists,SUCCESS,157,124,1364,1488,33,1296,29,886,1358,True,False,
248,yoke,0.8.2,/data/huanli/downloads/popular_crates/yoke-0.8.2,exists,SUCCESS,3,0,39,39,1,9,20,9,30,True,False,
251,zerovec,0.11.6,/data/huanli/downloads/popular_crates/zerovec-0.11.6,exists,SUCCESS,32,15,152,167,12,50,19,30,81,True,False,
253,icu_properties,2.2.0,/data/huanli/downloads/popular_crates/icu_properties-2.2.0,exists,SUCCESS,250,0,124,124,0,0,12,0,12,True,False,
255,icu_provider,2.2.0,/data/huanli/downloads/popular_crates/icu_provider-2.2.0,exists,SUCCESS,22,1,55,56,0,4,1,2,5,True,False,
257,writeable,0.6.3,/data/huanli/downloads/popular_crates/writeable-0.6.3,exists,SUCCESS,8,6,7,13,0,0,7,0,7,True,False,
260,ordered-float,5.3.0,/data/huanli/downloads/popular_crates/ordered-float-5.3.0,exists,SUCCESS,4,0,6,6,2,0,23,0,25,True,False,
263,icu_collections,2.2.0,/data/huanli/downloads/popular_crates/icu_collections-2.2.0,exists,SUCCESS,20,9,50,59,2,3,6,3,11,True,False,
267,libm,0.2.16,/data/huanli/downloads/popular_crates/libm-0.2.16,exists,SUCCESS,9,167,139,306,0,43,4,0,47,True,False,
268,icu_normalizer,2.2.0,/data/huanli/downloads/popular_crates/icu_normalizer-2.2.0,exists,SUCCESS,27,15,72,87,0,6,6,6,12,True,False,
272,der,0.8.0,/data/huanli/downloads/popular_crates/der-0.8.0,exists,SUCCESS,37,1,121,122,0,0,4,0,4,True,False,
276,openssl,0.10.79,/data/huanli/downloads/popular_crates/openssl-0.10.79,exists,SUCCESS,248,62,1260,1322,35,358,165,186,558,True,False,
287,matchit,0.9.2,/data/huanli/downloads/popular_crates/matchit-0.9.2,exists,SUCCESS,10,1,29,30,0,2,0,2,2,True,False,
289,hyper-util,0.1.20,/data/huanli/downloads/popular_crates/hyper-util-0.1.20,exists,SUCCESS,2,1,3,4,0,0,1,0,1,True,False,
298,data-encoding,2.11.0,/data/huanli/downloads/popular_crates/data-encoding-2.11.0,exists,SUCCESS,12,0,27,27,0,3,2,3,5,True,False,
305,portable-atomic,1.13.1,/data/huanli/downloads/popular_crates/portable-atomic-1.13.1,exists,SUCCESS,14,1,441,442,14,28,58,28,100,True,False,
308,tonic,0.14.6,/data/huanli/downloads/popular_crates/tonic-0.14.6,exists,SUCCESS,66,3,266,269,1,1,7,1,9,True,False,
310,bit-vec,0.9.1,/data/huanli/downloads/popular_crates/bit-vec-0.9.1,exists,SUCCESS,6,0,57,57,4,0,0,0,4,True,False,
312,base64ct,1.8.3,/data/huanli/downloads/popular_crates/base64ct-1.8.3,exists,SUCCESS,23,0,13,13,0,0,2,0,2,True,False,
317,filetime,0.2.28,/data/huanli/downloads/popular_crates/filetime-0.2.28,exists,SUCCESS,1,12,10,22,0,0,1,0,1,True,False,
318,const-oid,0.10.2,/data/huanli/downloads/popular_crates/const-oid-0.10.2,exists,SUCCESS,5,1,18,19,0,0,1,0,1,True,False,
327,serde_with,3.20.0,/data/huanli/downloads/popular_crates/serde_with-3.20.0,exists,SUCCESS,67,140,4,144,0,0,1,0,1,True,False,
334,schemars,1.2.1,/data/huanli/downloads/popular_crates/schemars-1.2.1,exists,SUCCESS,74,20,53,73,0,0,2,0,2,True,False,
338,bytemuck,1.25.0,/data/huanli/downloads/popular_crates/bytemuck-1.25.0,exists,SUCCESS,2,38,0,38,0,30,0,0,30,True,False,
339,console,0.16.3,/data/huanli/downloads/popular_crates/console-0.16.3,exists,SUCCESS,14,16,122,138,0,0,3,0,3,True,False,
341,memmap2,0.9.10,/data/huanli/downloads/popular_crates/memmap2-0.9.10,exists,SUCCESS,9,1,76,77,16,2,6,2,24,True,False,
353,lru,0.18.0,/data/huanli/downloads/popular_crates/lru-0.18.0,exists,SUCCESS,4,0,40,40,0,21,14,21,35,True,False,
363,arc-swap,1.9.1,/data/huanli/downloads/popular_crates/arc-swap-1.9.1,exists,SUCCESS,15,9,21,30,0,4,6,4,10,True,False,
367,aes,0.9.0,/data/huanli/downloads/popular_crates/aes-0.9.0,exists,SUCCESS,31,12,12,24,0,0,27,0,27,True,False,
370,async-lock,3.4.2,/data/huanli/downloads/popular_crates/async-lock-3.4.2,exists,SUCCESS,29,3,73,76,1,21,27,9,49,True,False,
372,security-framework-sys,2.17.0,/data/huanli/downloads/popular_crates/security-framework-sys-2.17.0,exists,SUCCESS,15,90,0,90,0,0,1,0,1,True,False,
383,criterion,0.8.2,/data/huanli/downloads/popular_crates/criterion-0.8.2,exists,SUCCESS,56,36,110,146,0,4,2,3,6,True,False,
385,tungstenite,0.29.0,/data/huanli/downloads/popular_crates/tungstenite-0.29.0,exists,SUCCESS,37,22,110,132,1,2,2,1,5,True,False,
407,crypto-bigint,0.7.3,/data/huanli/downloads/popular_crates/crypto-bigint-0.7.3,exists,SUCCESS,24,39,561,600,0,9,5,2,14,True,False,
411,zerotrie,0.2.4,/data/huanli/downloads/popular_crates/zerotrie-0.2.4,exists,SUCCESS,10,11,69,80,0,1,5,0,6,True,False,
417,potential_utf,0.1.5,/data/huanli/downloads/popular_crates/potential_utf-0.1.5,exists,SUCCESS,3,0,13,13,1,3,1,0,5,True,False,
421,inout,0.2.2,/data/huanli/downloads/popular_crates/inout-0.2.2,exists,SUCCESS,7,0,38,38,3,19,1,19,23,True,False,
423,icu_locale_core,2.2.0,/data/huanli/downloads/popular_crates/icu_locale_core-2.2.0,exists,SUCCESS,77,15,186,201,10,2,1,2,13,True,False,
429,tokio-tungstenite,0.29.0,/data/huanli/downloads/popular_crates/tokio-tungstenite-0.29.0,exists,SUCCESS,3,10,8,18,0,0,3,0,3,True,False,
431,camino,1.2.2,/data/huanli/downloads/popular_crates/camino-1.2.2,exists,SUCCESS,14,1,87,88,0,10,6,9,16,True,False,
432,zip,8.6.0,/data/huanli/downloads/popular_crates/zip-8.6.0,exists,SUCCESS,40,4,176,180,5,0,0,0,5,True,False,
435,quinn-proto,0.11.14,/data/huanli/downloads/popular_crates/quinn-proto-0.11.14,exists,SUCCESS,107,0,216,216,1,0,1,0,2,True,False,
440,pyo3,0.28.3,/data/huanli/downloads/popular_crates/pyo3-0.28.3,exists,SUCCESS,374,111,518,629,87,86,346,36,519,True,False,
441,quinn-udp,0.6.1,/data/huanli/downloads/popular_crates/quinn-udp-0.6.1,exists,SUCCESS,5,2,12,14,0,1,14,0,15,True,False,
450,curve25519-dalek,4.1.3,/data/huanli/downloads/popular_crates/curve25519-dalek-4.1.3,exists,SUCCESS,38,9,92,101,0,26,52,16,78,True,False,
463,signal-hook,0.4.4,/data/huanli/downloads/popular_crates/signal-hook-0.4.4,exists,SUCCESS,11,11,23,34,0,7,4,1,11,True,False,
471,pyo3-ffi,0.28.3,/data/huanli/downloads/popular_crates/pyo3-ffi-0.28.3,exists,SUCCESS,86,997,15,1012,212,1,7,1,220,True,False,
472,erased-serde,0.4.10,/data/huanli/downloads/popular_crates/erased-serde-0.4.10,exists,SUCCESS,12,3,0,3,0,0,281,0,281,True,False,
473,tar,0.4.45,/data/huanli/downloads/popular_crates/tar-0.4.45,exists,SUCCESS,20,3,169,172,0,18,2,14,20,True,False,
489,terminal_size,0.4.4,/data/huanli/downloads/popular_crates/terminal_size-0.4.4,exists,SUCCESS,2,3,0,3,1,0,0,0,1,True,False,
506,libsqlite3-sys,0.37.0,/data/huanli/downloads/popular_crates/libsqlite3-sys-0.37.0,exists,SUCCESS,41,296,1,297,0,1,2,0,3,True,False,
518,r-efi,6.0.0,/data/huanli/downloads/popular_crates/r-efi-6.0.0,exists,SUCCESS,337,3,8,11,0,3,3,1,6,True,False,
521,sysinfo,0.39.1,/data/huanli/downloads/popular_crates/sysinfo-0.39.1,exists,SUCCESS,39,7,231,238,0,0,18,0,18,True,False,
537,whoami,2.1.2,/data/huanli/downloads/popular_crates/whoami-2.1.2,exists,SUCCESS,7,14,9,23,0,0,4,0,4,True,False,
542,protobuf,3.7.2,/data/huanli/downloads/popular_crates/protobuf-3.7.2,exists,SUCCESS,144,59,887,946,0,16,15,16,31,True,False,
556,ctor,1.0.5,/data/huanli/downloads/popular_crates/ctor-1.0.5,exists,SUCCESS,1,0,1,1,1,0,2,0,3,True,False,
570,image,0.25.10,/data/huanli/downloads/popular_crates/image-0.25.10,exists,SUCCESS,113,69,374,443,0,0,8,0,8,True,False,
571,blake3,1.8.5,/data/huanli/downloads/popular_crates/blake3-1.8.5,exists,SUCCESS,10,44,35,79,11,6,4,4,21,True,False,
572,borsh,1.6.1,/data/huanli/downloads/popular_crates/borsh-1.6.1,exists,SUCCESS,1,8,0,8,0,0,1,0,1,True,False,
576,async-executor,1.14.0,/data/huanli/downloads/popular_crates/async-executor-1.14.0,exists,SUCCESS,2,1,14,15,0,2,2,2,4,True,False,
577,zmij,1.0.21,/data/huanli/downloads/popular_crates/zmij-1.0.21,exists,SUCCESS,1,9,3,12,0,5,3,1,8,True,False,
593,aws-lc-sys,0.40.0,/data/huanli/downloads/popular_crates/aws-lc-sys-0.40.0,exists,SUCCESS,234,2617,28,2645,12,8,106,8,126,True,False,
595,wasmparser,0.248.0,/data/huanli/downloads/popular_crates/wasmparser-0.248.0,exists,SUCCESS,242,5,573,578,0,0,1,0,1,True,False,
598,aws-lc-rs,1.16.3,/data/huanli/downloads/popular_crates/aws-lc-rs-1.16.3,exists,SUCCESS,143,42,286,328,3,3,27,0,33,True,False,
606,fragile,2.1.0,/data/huanli/downloads/popular_crates/fragile-2.1.0,exists,SUCCESS,7,3,25,28,1,2,29,2,32,True,False,
611,jni,0.22.4,/data/huanli/downloads/popular_crates/jni-0.22.4,exists,SUCCESS,79,7,593,600,77,207,109,137,393,True,False,
612,blake2,0.10.6,/data/huanli/downloads/popular_crates/blake2-0.10.6,exists,SUCCESS,9,2,5,7,0,0,2,0,2,True,False,
616,enum-as-inner,0.7.0,/data/huanli/downloads/popular_crates/enum-as-inner-0.7.0,exists,SUCCESS,36,1,0,1,39,0,0,0,39,True,False,
626,dtoa,1.0.11,/data/huanli/downloads/popular_crates/dtoa-1.0.11,exists,SUCCESS,2,3,4,7,1,0,2,0,3,True,False,
632,inotify,0.11.1,/data/huanli/downloads/popular_crates/inotify-0.11.1,exists,SUCCESS,13,3,24,27,2,0,5,0,7,True,False,
638,rkyv,0.8.16,/data/huanli/downloads/popular_crates/rkyv-0.8.16,exists,SUCCESS,213,39,542,581,44,173,128,97,345,True,False,
647,jiff,0.2.24,/data/huanli/downloads/popular_crates/jiff-0.2.24,exists,SUCCESS,109,9,689,698,1,6,17,6,24,True,False,
673,rust_decimal,1.42.0,/data/huanli/downloads/popular_crates/rust_decimal-1.42.0,exists,SUCCESS,7,2,82,84,0,0,2,0,2,True,False,
681,aws-smithy-json,0.62.5,/data/huanli/downloads/popular_crates/aws-smithy-json-0.62.5,exists,SUCCESS,9,12,26,38,0,0,2,0,2,True,False,
687,ctrlc,3.5.2,/data/huanli/downloads/popular_crates/ctrlc-3.5.2,exists,SUCCESS,2,18,0,18,13,1,4,0,18,True,False,
701,git2,0.20.4,/data/huanli/downloads/popular_crates/git2-0.20.4,exists,SUCCESS,185,48,1146,1194,32,351,33,294,416,True,False,
706,wasm-streams,0.5.0,/data/huanli/downloads/popular_crates/wasm-streams-0.5.0,exists,SUCCESS,25,12,95,107,0,10,19,0,29,True,False,
714,wit-bindgen,0.57.1,/data/huanli/downloads/popular_crates/wit-bindgen-0.57.1,exists,SUCCESS,28,15,51,66,10,13,44,6,67,True,False,
722,aws-smithy-types,1.4.7,/data/huanli/downloads/popular_crates/aws-smithy-types-1.4.7,exists,SUCCESS,58,7,200,207,0,1,1,1,2,True,False,
730,snafu,0.9.0,/data/huanli/downloads/popular_crates/snafu-0.9.0,exists,SUCCESS,39,9,17,26,0,0,1,0,1,True,False,
734,config,0.15.22,/data/huanli/downloads/popular_crates/config-0.15.22,exists,SUCCESS,17,3,57,60,0,0,1,0,1,True,False,
740,ndarray,0.17.2,/data/huanli/downloads/popular_crates/ndarray-0.17.2,exists,SUCCESS,61,54,403,457,15,62,112,50,189,True,False,
756,psm,0.1.31,/data/huanli/downloads/popular_crates/psm-0.1.31,exists,SUCCESS,1,3,1,4,2,1,5,0,8,True,False,
761,wit-bindgen-rt,0.44.0,/data/huanli/downloads/popular_crates/wit-bindgen-rt-0.44.0,exists,SUCCESS,1,3,2,5,2,1,1,0,4,True,False,
762,gloo-timers,0.4.0,/data/huanli/downloads/popular_crates/gloo-timers-0.4.0,exists,SUCCESS,2,0,6,6,0,0,4,0,4,True,False,
763,metrics,0.24.5,/data/huanli/downloads/popular_crates/metrics-0.24.5,exists,SUCCESS,17,6,55,61,0,4,14,2,18,True,False,
764,ron,0.12.1,/data/huanli/downloads/popular_crates/ron-0.12.1,exists,SUCCESS,38,11,128,139,0,0,3,0,3,True,False,
765,chacha20,0.10.0,/data/huanli/downloads/popular_crates/chacha20-0.10.0,exists,SUCCESS,7,6,8,14,0,0,5,0,5,True,False,
774,heapless,0.9.3,/data/huanli/downloads/popular_crates/heapless-0.9.3,exists,SUCCESS,61,6,293,299,23,69,38,64,130,True,False,
780,rgb,0.8.53,/data/huanli/downloads/popular_crates/rgb-0.8.53,exists,SUCCESS,10,0,70,70,0,4,78,4,82,True,False,
792,tiff,0.11.3,/data/huanli/downloads/popular_crates/tiff-0.11.3,exists,SUCCESS,82,2,222,224,0,0,20,0,20,True,False,
805,serde_qs,1.1.1,/data/huanli/downloads/popular_crates/serde_qs-1.1.1,exists,SUCCESS,12,19,18,37,0,0,1,0,1,True,False,
807,smol_str,0.3.6,/data/huanli/downloads/popular_crates/smol_str-0.3.6,exists,SUCCESS,2,1,11,12,0,2,9,1,11,True,False,
816,glam,0.32.1,/data/huanli/downloads/popular_crates/glam-0.32.1,exists,SUCCESS,74,409,3339,3748,0,39,115,29,154,True,False,
819,flatbuffers,25.12.19,/data/huanli/downloads/popular_crates/flatbuffers-25.12.19,exists,SUCCESS,28,15,88,103,14,21,4,17,39,True,False,
830,metrics-util,0.20.3,/data/huanli/downloads/popular_crates/metrics-util-0.20.3,exists,SUCCESS,33,8,92,100,0,7,5,6,12,True,False,
832,wasip2,1.0.3+wasi-0.2.9,/data/huanli/downloads/popular_crates/wasip2-1.0.3+wasi-0.2.9,exists,SUCCESS,55,47,235,282,43,174,2,136,219,True,False,
835,slotmap,1.1.1,/data/huanli/downloads/popular_crates/slotmap-1.1.1,exists,SUCCESS,52,1,186,187,17,25,11,24,53,True,False,
842,stacker,0.1.24,/data/huanli/downloads/popular_crates/stacker-0.1.24,exists,SUCCESS,1,5,2,7,1,2,1,1,4,True,False,
845,nalgebra,0.34.2,/data/huanli/downloads/popular_crates/nalgebra-0.34.2,exists,SUCCESS,81,45,1209,1254,43,152,298,91,493,True,False,
848,actix-web,4.13.0,/data/huanli/downloads/popular_crates/actix-web-4.13.0,exists,SUCCESS,160,114,463,577,0,2,0,2,2,True,False,
850,tokio-test,0.4.5,/data/huanli/downloads/popular_crates/tokio-test-0.4.5,exists,SUCCESS,6,2,23,25,0,0,1,0,1,True,False,
851,actix-http,3.12.1,/data/huanli/downloads/popular_crates/actix-http-3.12.1,exists,SUCCESS,69,11,217,228,0,1,2,0,3,True,False,
853,bytestring,1.5.1,/data/huanli/downloads/popular_crates/bytestring-1.5.1,exists,SUCCESS,1,0,7,7,1,1,2,1,4,True,False,
855,zlib-rs,0.6.3,/data/huanli/downloads/popular_crates/zlib-rs-0.6.3,exists,SUCCESS,28,78,86,164,26,35,23,13,84,True,False,
857,arrow-buffer,58.3.0,/data/huanli/downloads/popular_crates/arrow-buffer-58.3.0,exists,SUCCESS,23,26,301,327,20,30,25,22,75,True,False,
858,arrow-data,58.3.0,/data/huanli/downloads/popular_crates/arrow-data-58.3.0,exists,SUCCESS,8,15,68,83,4,3,3,1,10,True,False,
859,arrow-array,58.3.0,/data/huanli/downloads/popular_crates/arrow-array-58.3.0,exists,SUCCESS,80,57,588,645,30,33,35,30,98,True,False,
863,arrow-select,58.3.0,/data/huanli/downloads/popular_crates/arrow-select-58.3.0,exists,SUCCESS,6,19,23,42,0,4,28,3,32,True,False,
868,arrow-cast,58.3.0,/data/huanli/downloads/popular_crates/arrow-cast-58.3.0,exists,SUCCESS,8,25,29,54,0,3,16,0,19,True,False,
878,cxx,1.0.194,/data/huanli/downloads/popular_crates/cxx-1.0.194,exists,SUCCESS,85,9,84,93,12,35,15,24,62,True,False,
901,rusqlite,0.39.0,/data/huanli/downloads/popular_crates/rusqlite-0.39.0,exists,SUCCESS,32,16,173,189,13,14,24,12,51,True,False,
902,ark-ff,0.6.0,/data/huanli/downloads/popular_crates/ark-ff-0.6.0,exists,SUCCESS,19,23,54,77,0,1,2,0,3,True,False,
912,markup5ever,0.39.0,/data/huanli/downloads/popular_crates/markup5ever-0.39.0,exists,SUCCESS,11,2,14,16,0,1,0,1,1,True,False,
916,arrow-ipc,58.3.0,/data/huanli/downloads/popular_crates/arrow-ipc-58.3.0,exists,SUCCESS,204,51,523,574,55,90,5,90,150,True,False,
917,html5ever,0.39.0,/data/huanli/downloads/popular_crates/html5ever-0.39.0,exists,SUCCESS,23,6,12,18,0,0,1,0,1,True,False,
922,cxx-build,1.0.194,/data/huanli/downloads/popular_crates/cxx-build-1.0.194,exists,SUCCESS,11,6,0,6,0,0,2,0,2,True,False,
934,zune-jpeg,0.5.15,/data/huanli/downloads/popular_crates/zune-jpeg-0.5.15,exists,SUCCESS,14,30,25,55,6,7,0,0,13,True,False,
938,objc2,0.6.4,/data/huanli/downloads/popular_crates/objc2-0.6.4,exists,SUCCESS,44,148,111,259,28,43,206,25,277,True,False,
946,governor,0.10.4,/data/huanli/downloads/popular_crates/governor-0.10.4,exists,SUCCESS,20,4,59,63,0,1,2,0,3,True,False,
964,parquet,58.3.0,/data/huanli/downloads/popular_crates/parquet-58.3.0,exists,SUCCESS,293,74,933,1007,0,4,38,4,42,True,False,
969,generator,0.8.8,/data/huanli/downloads/popular_crates/generator-0.8.8,exists,SUCCESS,13,26,58,84,7,20,17,13,44,True,False,
977,arrow-ord,58.3.0,/data/huanli/downloads/popular_crates/arrow-ord-58.3.0,exists,SUCCESS,4,21,7,28,0,1,5,0,6,True,False,
978,arrow-arith,58.3.0,/data/huanli/downloads/popular_crates/arrow-arith-58.3.0,exists,SUCCESS,1,67,0,67,0,2,2,0,4,True,False,
981,arrow-string,58.3.0,/data/huanli/downloads/popular_crates/arrow-string-58.3.0,exists,SUCCESS,1,51,3,54,0,1,1,0,2,True,False,
984,tendril,0.5.0,/data/huanli/downloads/popular_crates/tendril-0.5.0,exists,SUCCESS,17,8,51,59,19,26,11,21,56,True,False,
986,arrow-row,58.3.0,/data/huanli/downloads/popular_crates/arrow-row-58.3.0,exists,SUCCESS,7,35,27,62,7,2,3,2,12,True,False,
996,zvariant,5.11.0,/data/huanli/downloads/popular_crates/zvariant-5.11.0,exists,SUCCESS,32,14,85,99,3,0,4,0,7,True,False,
1000,zbus,5.15.0,/data/huanli/downloads/popular_crates/zbus-5.15.0,exists,SUCCESS,117,7,618,625,2,0,3,0,5,True,False,
1001,secp256k1-sys,0.13.0,/data/huanli/downloads/popular_crates/secp256k1-sys-0.13.0,exists,SUCCESS,14,69,41,110,14,1,1,0,16,True,False,
1010,symbolic-common,13.0.0,/data/huanli/downloads/popular_crates/symbolic-common-13.0.0,exists,SUCCESS,12,5,43,48,1,2,1,0,4,True,False,
1012,logos,0.16.1,/data/huanli/downloads/popular_crates/logos-0.16.1,exists,SUCCESS,7,2,10,12,0,2,2,2,4,True,False,
1016,wide,1.4.0,/data/huanli/downloads/popular_crates/wide-1.4.0,exists,SUCCESS,28,1,762,763,0,56,0,0,56,True,False,
1025,goblin,0.10.5,/data/huanli/downloads/popular_crates/goblin-0.10.5,exists,SUCCESS,241,65,422,487,17,0,0,0,17,True,False,
1053,cssparser,0.37.0,/data/huanli/downloads/popular_crates/cssparser-0.37.0,exists,SUCCESS,20,19,92,111,0,1,5,0,6,True,False,
1059,arrow-json,58.3.0,/data/huanli/downloads/popular_crates/arrow-json-58.3.0,exists,SUCCESS,34,7,86,93,0,1,4,1,5,True,False,
1064,arrow-csv,58.3.0,/data/huanli/downloads/popular_crates/arrow-csv-58.3.0,exists,SUCCESS,10,1,73,74,0,1,0,1,1,True,False,
1074,blake2b_simd,1.0.4,/data/huanli/downloads/popular_crates/blake2b_simd-1.0.4,exists,SUCCESS,11,13,44,57,3,5,4,3,12,True,False,
1087,tokio-postgres,0.7.17,/data/huanli/downloads/popular_crates/tokio-postgres-0.7.17,exists,SUCCESS,54,21,182,203,0,2,2,2,4,True,False,
1091,wayland-client,0.31.14,/data/huanli/downloads/popular_crates/wayland-client-0.31.14,exists,SUCCESS,108,1,147,148,0,1,0,0,1,True,False,
1098,ruzstd,0.8.3,/data/huanli/downloads/popular_crates/ruzstd-0.8.3,exists,SUCCESS,57,13,132,145,2,8,5,8,15,True,False,
1113,libfuzzer-sys,0.4.12,/data/huanli/downloads/popular_crates/libfuzzer-sys-0.4.12,exists,SUCCESS,1,4,1,5,1,0,0,0,1,True,False,
1114,kube-runtime,3.1.0,/data/huanli/downloads/popular_crates/kube-runtime-3.1.0,exists,SUCCESS,51,26,61,87,0,2,1,0,3,True,False,
1118,libz-rs-sys,0.6.3,/data/huanli/downloads/popular_crates/libz-rs-sys-0.6.3,exists,SUCCESS,0,56,0,56,44,0,0,0,44,True,False,
1119,rpassword,7.5.2,/data/huanli/downloads/popular_crates/rpassword-7.5.2,exists,SUCCESS,3,7,20,27,0,0,1,0,1,True,False,
1124,scrypt,0.12.0,/data/huanli/downloads/popular_crates/scrypt-0.12.0,exists,SUCCESS,3,1,6,7,0,0,1,0,1,True,False,
1130,fs4,1.1.0,/data/huanli/downloads/popular_crates/fs4-1.1.0,exists,SUCCESS,2,13,4,17,0,1,2,0,3,True,False,
1143,gix-hash,0.25.0,/data/huanli/downloads/popular_crates/gix-hash-0.25.0,exists,SUCCESS,14,4,45,49,0,0,1,0,1,True,False,
1145,io-uring,0.7.12,/data/huanli/downloads/popular_crates/io-uring-0.7.12,exists,SUCCESS,160,8,422,430,20,17,24,15,61,True,False,
1149,selectors,0.38.0,/data/huanli/downloads/popular_crates/selectors-0.38.0,exists,SUCCESS,48,10,138,148,1,2,1,1,4,True,False,
1162,calloop,0.14.4,/data/huanli/downloads/popular_crates/calloop-0.14.4,exists,SUCCESS,35,5,56,61,4,0,2,0,6,True,False,
1166,winit,0.30.13,/data/huanli/downloads/popular_crates/winit-0.30.13,exists,SUCCESS,163,21,533,554,13,7,30,4,50,True,False,
1171,onig,6.5.3,/data/huanli/downloads/popular_crates/onig-6.5.3,exists,SUCCESS,23,3,84,87,1,18,2,3,21,True,False,
1191,gix-ref,0.63.0,/data/huanli/downloads/popular_crates/gix-ref-0.63.0,exists,SUCCESS,55,8,99,107,0,0,2,0,2,True,False,
1193,gix-actor,0.41.0,/data/huanli/downloads/popular_crates/gix-actor-0.41.0,exists,SUCCESS,4,2,19,21,0,1,0,0,1,True,False,
1201,self_cell,1.2.2,/data/huanli/downloads/popular_crates/self_cell-1.2.2,exists,SUCCESS,4,0,11,11,8,1,1,1,10,True,False,
1206,gix-config-value,0.18.0,/data/huanli/downloads/popular_crates/gix-config-value-0.18.0,exists,SUCCESS,10,1,5,6,0,1,0,0,1,True,False,
1208,sentry-core,0.48.2,/data/huanli/downloads/popular_crates/sentry-core-0.48.2,exists,SUCCESS,16,16,107,123,0,0,1,0,1,True,False,
1221,gix-path,0.12.0,/data/huanli/downloads/popular_crates/gix-path-0.12.0,exists,SUCCESS,4,31,0,31,0,0,1,0,1,True,False,
1228,sentry-backtrace,0.48.2,/data/huanli/downloads/popular_crates/sentry-backtrace-0.48.2,exists,SUCCESS,2,11,2,13,0,1,0,0,1,True,False,
1233,compression-core,0.4.32,/data/huanli/downloads/popular_crates/compression-core-0.4.32,exists,SUCCESS,4,2,29,31,4,3,0,2,7,True,False,
1237,numpy,0.28.0,/data/huanli/downloads/popular_crates/numpy-0.28.0,exists,SUCCESS,75,22,343,365,334,17,40,7,391,True,False,
1245,bitcoin_hashes,0.20.0,/data/huanli/downloads/popular_crates/bitcoin_hashes-0.20.0,exists,SUCCESS,30,23,133,156,0,25,2,0,27,True,False,
1259,roaring,0.11.4,/data/huanli/downloads/popular_crates/roaring-0.11.4,exists,SUCCESS,21,14,121,135,0,6,2,1,8,True,False,
1286,rustyline,18.0.0,/data/huanli/downloads/popular_crates/rustyline-18.0.0,exists,SUCCESS,58,9,183,192,1,0,2,0,3,True,False,
1291,cranelift-entity,0.131.1,/data/huanli/downloads/popular_crates/cranelift-entity-0.131.1,exists,SUCCESS,14,1,124,125,1,2,0,2,3,True,False,
1296,askama_derive,0.16.0,/data/huanli/downloads/popular_crates/askama_derive-0.16.0,exists,SUCCESS,2,4,9,13,0,3,3,1,6,True,False,
1300,askama,0.16.0,/data/huanli/downloads/popular_crates/askama-0.16.0,exists,SUCCESS,33,34,18,52,0,3,1,1,4,True,False,
1307,gix,0.83.0,/data/huanli/downloads/popular_crates/gix-0.83.0,exists,SUCCESS,305,26,605,631,1,0,0,0,1,True,False,
1309,async-nats,0.48.0,/data/huanli/downloads/popular_crates/async-nats-0.48.0,exists,SUCCESS,207,21,334,355,1,1,5,1,7,True,False,
1310,gix-odb,0.80.0,/data/huanli/downloads/popular_crates/gix-odb-0.80.0,exists,SUCCESS,41,5,66,71,0,1,0,0,1,True,False,
1311,gix-pack,0.70.0,/data/huanli/downloads/popular_crates/gix-pack-0.70.0,exists,SUCCESS,99,20,113,133,0,1,0,0,1,True,False,
1316,napi,3.8.6,/data/huanli/downloads/popular_crates/napi-3.8.6,exists,SUCCESS,113,16,350,366,63,90,61,59,214,True,False,
1328,cranelift-codegen,0.131.1,/data/huanli/downloads/popular_crates/cranelift-codegen-0.131.1,exists,SUCCESS,238,64,918,982,2,0,0,0,2,True,False,
1330,sval,2.19.0,/data/huanli/downloads/popular_crates/sval-2.19.0,exists,SUCCESS,15,65,33,98,0,5,1,1,6,True,False,
1339,open,5.3.5,/data/huanli/downloads/popular_crates/open-5.3.5,exists,SUCCESS,0,10,0,10,0,0,1,0,1,True,False,
1349,napi-sys,3.2.1,/data/huanli/downloads/popular_crates/napi-sys-3.2.1,exists,SUCCESS,16,113,0,113,113,0,0,0,113,True,False,
1357,glib,0.22.7,/data/huanli/downloads/popular_crates/glib-0.22.7,exists,SUCCESS,245,189,1156,1345,135,611,666,422,1412,True,False,
1366,enumset,1.1.12,/data/huanli/downloads/popular_crates/enumset-1.1.12,exists,SUCCESS,9,5,123,128,9,0,1,0,10,True,False,
1390,wasm-bindgen-test,0.3.71,/data/huanli/downloads/popular_crates/wasm-bindgen-test-0.3.71,exists,SUCCESS,39,23,70,93,0,7,23,4,30,True,False,
1392,metrics-exporter-prometheus,0.18.3,/data/huanli/downloads/popular_crates/metrics-exporter-prometheus-0.18.3,exists,SUCCESS,16,7,44,51,0,0,1,0,1,True,False,
1394,regress,0.11.1,/data/huanli/downloads/popular_crates/regress-0.11.1,exists,SUCCESS,59,52,131,183,0,2,21,0,23,True,False,
1396,glib-macros,0.22.6,/data/huanli/downloads/popular_crates/glib-macros-0.22.6,exists,SUCCESS,48,38,6,44,0,0,112,0,112,True,False,
1403,sval_json,2.19.0,/data/huanli/downloads/popular_crates/sval_json-2.19.0,exists,SUCCESS,2,1,3,4,0,1,0,0,1,True,False,
1406,sval_fmt,2.19.0,/data/huanli/downloads/popular_crates/sval_fmt-2.19.0,exists,SUCCESS,3,5,6,11,0,3,0,0,3,True,False,
1408,sval_buffer,2.19.0,/data/huanli/downloads/popular_crates/sval_buffer-2.19.0,exists,SUCCESS,5,2,28,30,0,2,6,2,8,True,False,
1409,sval_serde,2.19.0,/data/huanli/downloads/popular_crates/sval_serde-2.19.0,exists,SUCCESS,2,2,4,6,0,2,0,0,2,True,False,
1411,sval_ref,2.19.0,/data/huanli/downloads/popular_crates/sval_ref-2.19.0,exists,SUCCESS,1,2,4,6,0,1,0,0,1,True,False,
1420,string-interner,0.20.0,/data/huanli/downloads/popular_crates/string-interner-0.20.0,exists,SUCCESS,24,6,40,46,1,0,3,0,4,True,False,
1425,swc_common,21.0.1,/data/huanli/downloads/popular_crates/swc_common-21.0.1,exists,SUCCESS,97,4,303,307,1,1,2,1,4,True,False,
1428,sea-query,0.32.7,/data/huanli/downloads/popular_crates/sea-query-0.32.7,exists,SUCCESS,138,2,654,656,0,0,1,0,1,True,False,
1432,swc_ecma_parser,39.0.2,/data/huanli/downloads/popular_crates/swc_ecma_parser-39.0.2,exists,SUCCESS,37,8,210,218,0,1,35,1,36,True,False,
1439,gix-filter,0.30.0,/data/huanli/downloads/popular_crates/gix-filter-0.30.0,exists,SUCCESS,45,7,54,61,0,1,0,0,1,True,False,
1451,neli,0.7.4,/data/huanli/downloads/popular_crates/neli-0.7.4,exists,SUCCESS,134,3,355,358,0,5,2,5,7,True,False,
1453,tiny-skia-path,0.12.0,/data/huanli/downloads/popular_crates/tiny-skia-path-0.12.0,exists,SUCCESS,22,6,178,184,0,2,1,1,3,True,False,
1454,swc_ecma_ast,23.0.0,/data/huanli/downloads/popular_crates/swc_ecma_ast-23.0.0,exists,SUCCESS,238,4,1171,1175,2,1,0,1,3,True,False,
1459,rdkafka,0.39.0,/data/huanli/downloads/popular_crates/rdkafka-0.39.0,exists,SUCCESS,99,101,178,279,1,23,39,21,63,True,False,
1463,tiny-skia,0.12.0,/data/huanli/downloads/popular_crates/tiny-skia-0.12.0,exists,SUCCESS,67,81,253,334,1,0,3,0,4,True,False,
1471,async-graphql,7.2.1,/data/huanli/downloads/popular_crates/async-graphql-7.2.1,exists,SUCCESS,155,38,418,456,0,3,1,2,4,True,False,
1480,wayland-backend,0.3.15,/data/huanli/downloads/popular_crates/wayland-backend-0.3.15,exists,SUCCESS,47,6,135,141,0,4,0,4,4,True,False,
1491,swc_ecma_visit,23.0.0,/data/huanli/downloads/popular_crates/swc_ecma_visit-23.0.0,exists,SUCCESS,4,6,2,8,0,2,0,0,2,True,False,
1518,wasip3,0.6.0+wasi-0.3.0-rc-2026-03-15,/data/huanli/downloads/popular_crates/wasip3-0.6.0+wasi-0.3.0-rc-2026-03-15,exists,SUCCESS,38,47,136,183,26,100,3,67,129,True,False,
1521,argon2,0.5.3,/data/huanli/downloads/popular_crates/argon2-0.5.3,exists,SUCCESS,10,4,38,42,0,0,1,0,1,True,False,
1531,askama_parser,0.16.0,/data/huanli/downloads/popular_crates/askama_parser-0.16.0,exists,SUCCESS,55,4,36,40,0,4,1,1,5,True,False,
1555,glow,0.17.0,/data/huanli/downloads/popular_crates/glow-0.17.0,exists,SUCCESS,27,3,2134,2137,1424,0,2,0,1426,True,False,
1579,uuid-macro-internal,1.19.0,/data/huanli/downloads/popular_crates/uuid-macro-internal-1.19.0,exists,SUCCESS,2,2,1,3,0,1,0,1,1,True,False,
1617,dbus,0.9.11,/data/huanli/downloads/popular_crates/dbus-0.9.11,exists,SUCCESS,61,5,273,278,7,8,51,8,66,True,False,
1619,maxminddb,0.28.1,/data/huanli/downloads/popular_crates/maxminddb-0.28.1,exists,SUCCESS,31,13,36,49,0,0,1,0,1,True,False,
1625,dispatch2,0.3.1,/data/huanli/downloads/popular_crates/dispatch2-0.3.1,exists,SUCCESS,33,27,112,139,42,31,16,14,89,True,False,
1627,gio,0.22.6,/data/huanli/downloads/popular_crates/gio-0.22.6,exists,SUCCESS,289,54,757,811,33,418,1152,214,1603,True,False,
1640,wasmtime-environ,44.0.1,/data/huanli/downloads/popular_crates/wasmtime-environ-44.0.1,exists,SUCCESS,137,7,653,660,2,1,4,1,7,True,False,
1653,wasmtime,44.0.1,/data/huanli/downloads/popular_crates/wasmtime-44.0.1,exists,SUCCESS,374,180,1781,1961,243,95,164,82,502,True,False,
1654,testcontainers,0.27.3,/data/huanli/downloads/popular_crates/testcontainers-0.27.3,exists,SUCCESS,44,1,159,160,0,0,1,0,1,True,False,
1670,wgpu-core,29.0.3,/data/huanli/downloads/popular_crates/wgpu-core-29.0.3,exists,SUCCESS,262,24,345,369,47,41,95,40,183,True,False,
1674,wgpu-types,29.0.3,/data/huanli/downloads/popular_crates/wgpu-types-29.0.3,exists,SUCCESS,154,2,214,216,6,11,0,8,17,True,False,
1680,v8,147.4.0,/data/huanli/downloads/popular_crates/v8-147.4.0,exists,SUCCESS,257,61,918,979,66,196,552,122,814,True,False,
1682,httpmock,0.8.3,/data/huanli/downloads/popular_crates/httpmock-0.8.3,exists,SUCCESS,80,135,224,359,0,0,1,0,1,True,False,
1686,linkme,0.3.36,/data/huanli/downloads/popular_crates/linkme-0.3.36,exists,SUCCESS,4,0,3,3,2,1,0,1,3,True,False,
1688,cairo-rs,0.22.0,/data/huanli/downloads/popular_crates/cairo-rs-0.22.0,exists,SUCCESS,60,3,387,390,31,51,75,34,157,True,False,
1693,dtor,1.0.2,/data/huanli/downloads/popular_crates/dtor-1.0.2,exists,SUCCESS,0,4,0,4,3,0,0,0,3,True,False,
1696,askama_escape,0.16.0,/data/huanli/downloads/popular_crates/askama_escape-0.16.0,exists,SUCCESS,5,4,9,13,0,3,1,1,4,True,False,
1700,wgpu,29.0.3,/data/huanli/downloads/popular_crates/wgpu-29.0.3,exists,SUCCESS,145,8,320,328,44,2,4,0,50,True,False,
1707,wgpu-hal,29.0.3,/data/huanli/downloads/popular_crates/wgpu-hal-29.0.3,exists,SUCCESS,85,2,21,23,0,0,7,0,7,True,False,
1709,pango,0.22.6,/data/huanli/downloads/popular_crates/pango-0.22.6,exists,SUCCESS,62,23,392,415,50,235,240,170,525,True,False,
1726,hstr,3.0.4,/data/huanli/downloads/popular_crates/hstr-3.0.4,exists,SUCCESS,9,11,52,63,6,17,17,12,40,True,False,
1734,x509-cert,0.2.5,/data/huanli/downloads/popular_crates/x509-cert-0.2.5,exists,SUCCESS,65,0,22,22,0,0,3,0,3,True,False,
1735,gdk-pixbuf,0.22.0,/data/huanli/downloads/popular_crates/gdk-pixbuf-0.22.0,exists,SUCCESS,13,0,87,87,3,53,55,33,111,True,False,
1749,blake2s_simd,1.0.4,/data/huanli/downloads/popular_crates/blake2s_simd-1.0.4,exists,SUCCESS,11,14,44,58,4,5,4,3,13,True,False,
1750,rtnetlink,0.21.0,/data/huanli/downloads/popular_crates/rtnetlink-0.21.0,exists,SUCCESS,64,5,438,443,0,1,0,0,1,True,False,
1768,datafusion-common,53.1.0,/data/huanli/downloads/popular_crates/datafusion-common-53.1.0,exists,SUCCESS,88,144,351,495,0,0,3,0,3,True,False,
1773,async-graphql-axum,7.2.1,/data/huanli/downloads/popular_crates/async-graphql-axum-7.2.1,exists,SUCCESS,8,0,11,11,0,1,0,1,1,True,False,
1774,datafusion-physical-expr,53.1.0,/data/huanli/downloads/popular_crates/datafusion-physical-expr-53.1.0,exists,SUCCESS,55,70,251,321,0,0,1,0,1,True,False,
1775,tree-sitter,0.26.8,/data/huanli/downloads/popular_crates/tree-sitter-0.26.8,exists,SUCCESS,56,151,186,337,12,12,5,9,29,True,False,
1782,aws-lc-fips-sys,0.13.14,/data/huanli/downloads/popular_crates/aws-lc-fips-sys-0.13.14,exists,SUCCESS,228,2548,23,2571,10,6,100,6,116,True,False,
1783,alloy-primitives,1.5.7,/data/huanli/downloads/popular_crates/alloy-primitives-1.5.7,exists,SUCCESS,27,22,289,311,3,10,29,7,42,True,False,
1785,sea-orm,1.1.20,/data/huanli/downloads/popular_crates/sea-orm-1.1.20,exists,SUCCESS,16129,1929,486,2415,0,0,32,0,32,True,False,
1786,minijinja,2.19.0,/data/huanli/downloads/popular_crates/minijinja-2.19.0,exists,SUCCESS,91,116,191,307,6,2,20,1,28,True,False,
1812,oneshot,0.2.1,/data/huanli/downloads/popular_crates/oneshot-0.2.1,exists,SUCCESS,8,3,23,26,7,8,3,7,18,True,False,
1819,datafusion-physical-plan,53.1.0,/data/huanli/downloads/popular_crates/datafusion-physical-plan-53.1.0,exists,SUCCESS,160,115,498,613,0,1,8,1,9,True,False,
1837,spirv,0.4.0+sdk-1.4.341.0,/data/huanli/downloads/popular_crates/spirv-0.4.0+sdk-1.4.341.0,exists,SUCCESS,73,0,62,62,0,57,0,0,57,True,False,
1843,ruint,1.18.0,/data/huanli/downloads/popular_crates/ruint-1.18.0,exists,SUCCESS,8,38,164,202,12,10,18,4,40,True,False,
1862,bson,3.1.0,/data/huanli/downloads/popular_crates/bson-3.1.0,exists,SUCCESS,58,4,203,207,0,1,4,1,5,True,False,
1866,const-str,1.1.0,/data/huanli/downloads/popular_crates/const-str-1.1.0,exists,SUCCESS,47,35,269,304,2,44,7,33,53,True,False,
1875,datafusion-functions,53.1.0,/data/huanli/downloads/popular_crates/datafusion-functions-53.1.0,exists,SUCCESS,122,358,132,490,0,4,8,2,12,True,False,
1894,android-activity,0.6.1,/data/huanli/downloads/popular_crates/android-activity-0.6.1,exists,SUCCESS,36,1,131,132,8,12,25,8,45,True,False,
1896,wasmi,1.0.9,/data/huanli/downloads/popular_crates/wasmi-1.0.9,exists,SUCCESS,236,14,638,652,21,21,40,20,82,True,False,
1897,async-tungstenite,0.34.1,/data/huanli/downloads/popular_crates/async-tungstenite-0.34.1,exists,SUCCESS,5,6,17,23,0,0,3,0,3,True,False,
1902,alloy-rlp,0.3.15,/data/huanli/downloads/popular_crates/alloy-rlp-0.3.15,exists,SUCCESS,4,6,9,15,0,3,1,0,4,True,False,
1914,bitpacking,0.9.3,/data/huanli/downloads/popular_crates/bitpacking-0.9.3,exists,SUCCESS,8,1,0,1,0,0,27,0,27,True,False,
1964,tao,0.35.2,/data/huanli/downloads/popular_crates/tao-0.35.2,exists,SUCCESS,64,8,231,239,10,3,8,3,21,True,False,
1965,quick_cache,0.6.21,/data/huanli/downloads/popular_crates/quick_cache-0.6.21,exists,SUCCESS,29,5,123,128,2,9,11,9,22,True,False,
1968,apache-avro,0.21.0,/data/huanli/downloads/popular_crates/apache-avro-0.21.0,exists,SUCCESS,136,40,173,213,0,6,0,6,6,True,False,
1975,muda,0.19.1,/data/huanli/downloads/popular_crates/muda-0.19.1,exists,SUCCESS,27,3,210,213,0,1,6,1,7,True,False,
1978,egui,0.34.2,/data/huanli/downloads/popular_crates/egui-0.34.2,exists,SUCCESS,224,67,1583,1650,1,0,0,0,1,True,False,
1980,epaint,0.34.2,/data/huanli/downloads/popular_crates/epaint-0.34.2,exists,SUCCESS,81,7,344,351,0,0,9,0,9,True,False,
1986,geo,0.33.1,/data/huanli/downloads/popular_crates/geo-0.33.1,exists,SUCCESS,86,21,107,128,0,0,1,0,1,True,False,
1988,alloy-sol-types,1.5.7,/data/huanli/downloads/popular_crates/alloy-sol-types-1.5.7,exists,SUCCESS,27,13,84,97,0,1,29,1,30,True,False,
1991,syn-solidity,1.5.7,/data/huanli/downloads/popular_crates/syn-solidity-1.5.7,exists,SUCCESS,249,135,359,494,0,0,1,0,1,True,False,
1993,thin-vec,0.2.18,/data/huanli/downloads/popular_crates/thin-vec-0.2.18,exists,SUCCESS,5,4,34,38,1,19,11,18,31,True,False,
1994,gloo-net,0.7.0,/data/huanli/downloads/popular_crates/gloo-net-0.7.0,exists,SUCCESS,17,0,88,88,0,0,1,0,1,True,False,
2001,rfd,0.17.2,/data/huanli/downloads/popular_crates/rfd-0.17.2,exists,SUCCESS,27,11,93,104,3,9,1,6,13,True,False,
2004,serde_v8,0.309.0,/data/huanli/downloads/popular_crates/serde_v8-0.309.0,exists,SUCCESS,25,6,23,29,1,1,16,0,18,True,False,
2005,subprocess,1.1.0,/data/huanli/downloads/popular_crates/subprocess-1.1.0,exists,SUCCESS,14,22,80,102,1,5,1,0,7,True,False,
2006,solana-program,4.0.0,/data/huanli/downloads/popular_crates/solana-program-4.0.0,exists,SUCCESS,0,17,0,17,1,1,0,0,2,True,False,
2018,tauri-utils,2.9.1,/data/huanli/downloads/popular_crates/tauri-utils-2.9.1,exists,SUCCESS,161,22,45,67,0,1,0,0,1,True,False,
2036,tauri,2.11.1,/data/huanli/downloads/popular_crates/tauri-2.11.1,exists,SUCCESS,101,133,824,957,0,1,10,1,11,True,False,
2038,isahc,1.8.1,/data/huanli/downloads/popular_crates/isahc-1.8.1,exists,SUCCESS,31,16,95,111,0,0,1,0,1,True,False,
2057,cucumber,0.23.0,/data/huanli/downloads/popular_crates/cucumber-0.23.0,exists,SUCCESS,50,1,121,122,0,1,3,1,4,True,False,
2066,metal,0.33.0,/data/huanli/downloads/popular_crates/metal-0.33.0,exists,SUCCESS,437,2,1165,1167,3,992,743,948,1738,True,False,
2067,libp2p-swarm,0.47.1,/data/huanli/downloads/popular_crates/libp2p-swarm-0.47.1,exists,SUCCESS,72,5,106,111,0,0,3,0,3,True,False,
2088,jiter,0.14.0,/data/huanli/downloads/popular_crates/jiter-0.14.0,exists,SUCCESS,18,2,59,61,2,0,4,0,6,True,False,
2104,wasmi_core,1.0.9,/data/huanli/downloads/popular_crates/wasmi_core-1.0.9,exists,SUCCESS,35,189,134,323,0,2,1,2,3,True,False,
2105,dlmalloc,0.2.13,/data/huanli/downloads/popular_crates/dlmalloc-0.2.13,exists,SUCCESS,3,0,23,23,14,0,1,0,15,True,False,
2138,pyo3-async-runtimes,0.28.0,/data/huanli/downloads/popular_crates/pyo3-async-runtimes-0.28.0,exists,SUCCESS,2,18,8,26,7,0,0,0,7,True,False,
2147,datafusion-physical-expr-common,53.1.0,/data/huanli/downloads/popular_crates/datafusion-physical-expr-common-53.1.0,exists,SUCCESS,30,19,184,203,0,2,0,2,2,True,False,
2151,datafusion-functions-aggregate,53.1.0,/data/huanli/downloads/popular_crates/datafusion-functions-aggregate-53.1.0,exists,SUCCESS,54,90,70,160,0,0,2,0,2,True,False,
2155,bitcoin-io,0.5.0,/data/huanli/downloads/popular_crates/bitcoin-io-0.5.0,exists,SUCCESS,8,7,25,32,0,4,0,0,4,True,False,
2167,wasmtime-jit-icache-coherence,34.0.2,/data/huanli/downloads/popular_crates/wasmtime-jit-icache-coherence-34.0.2,exists,SUCCESS,0,2,0,2,1,0,0,0,1,True,False,
2172,fast_image_resize,6.0.0,/data/huanli/downloads/popular_crates/fast_image_resize-6.0.0,exists,SUCCESS,64,288,89,377,22,40,110,0,172,True,False,
2179,alsa,0.11.0,/data/huanli/downloads/popular_crates/alsa-0.11.0,exists,SUCCESS,92,22,541,563,5,38,29,28,72,True,False,
2196,serialport,4.9.0,/data/huanli/downloads/popular_crates/serialport-4.9.0,exists,SUCCESS,24,39,30,69,13,3,0,0,16,True,False,
2206,postgres,0.19.13,/data/huanli/downloads/popular_crates/postgres-0.19.13,exists,SUCCESS,16,1,117,118,0,2,0,2,2,True,False,
2215,alloy-sol-type-parser,1.5.7,/data/huanli/downloads/popular_crates/alloy-sol-type-parser-1.5.7,exists,SUCCESS,12,14,30,44,1,0,0,0,1,True,False,
2222,egui-winit,0.34.2,/data/huanli/downloads/popular_crates/egui-winit-0.34.2,exists,SUCCESS,5,11,27,38,0,0,1,0,1,True,False,
2225,lambda_runtime,1.2.0,/data/huanli/downloads/popular_crates/lambda_runtime-1.2.0,exists,SUCCESS,20,4,12,16,0,0,2,0,2,True,False,
2226,rowan,0.16.1,/data/huanli/downloads/popular_crates/rowan-0.16.1,exists,SUCCESS,31,3,192,195,0,3,24,3,27,True,False,
2237,fake,5.1.0,/data/huanli/downloads/popular_crates/fake-5.1.0,exists,SUCCESS,125,1320,14,1334,0,0,1,0,1,True,False,
2251,cpal,0.17.3,/data/huanli/downloads/popular_crates/cpal-0.17.3,exists,SUCCESS,47,8,72,80,1,4,3,4,8,True,False,
2259,tray-icon,0.24.0,/data/huanli/downloads/popular_crates/tray-icon-0.24.0,exists,SUCCESS,14,0,46,46,1,0,0,0,1,True,False,
2270,mysql_common,0.37.1,/data/huanli/downloads/popular_crates/mysql_common-0.37.1,exists,SUCCESS,186,28,465,493,0,3,0,2,3,True,False,
2271,futures-test,0.3.32,/data/huanli/downloads/popular_crates/futures-test-0.3.32,exists,SUCCESS,9,8,18,26,0,2,0,0,2,True,False,
2274,tantivy,0.26.1,/data/huanli/downloads/popular_crates/tantivy-0.26.1,exists,SUCCESS,436,49,968,1017,0,3,6,0,9,True,False,
2276,ed25519-compact,2.2.0,/data/huanli/downloads/popular_crates/ed25519-compact-2.2.0,exists,SUCCESS,20,23,81,104,0,1,0,0,1,True,False,
2290,egui_glow,0.34.2,/data/huanli/downloads/popular_crates/egui_glow-0.34.2,exists,SUCCESS,5,2,20,22,0,10,6,6,16,True,False,
2308,tantivy-bitpacker,0.10.0,/data/huanli/downloads/popular_crates/tantivy-bitpacker-0.10.0,exists,SUCCESS,3,5,14,19,0,1,1,0,2,True,False,
2318,eframe,0.34.2,/data/huanli/downloads/popular_crates/eframe-0.34.2,exists,SUCCESS,18,17,26,43,0,0,4,0,4,True,False,
2324,planus,1.3.0,/data/huanli/downloads/popular_crates/planus-1.3.0,exists,SUCCESS,33,1,88,89,9,9,49,9,67,True,False,
2330,mongodb,3.6.0,/data/huanli/downloads/popular_crates/mongodb-3.6.0,exists,SUCCESS,1080,22,1998,2020,0,0,1,0,1,True,False,
2339,ringbuf,0.5.0,/data/huanli/downloads/popular_crates/ringbuf-0.5.0,exists,SUCCESS,10,12,25,37,7,19,17,4,43,True,False,
2340,pathfinder_simd,0.5.6,/data/huanli/downloads/popular_crates/pathfinder_simd-0.5.6,exists,SUCCESS,12,0,1209,1209,0,10,9,5,19,True,False,
2343,neon,1.1.1,/data/huanli/downloads/popular_crates/neon-1.1.1,exists,SUCCESS,98,172,164,336,175,34,71,26,280,True,False,
2346,tree-sitter-language,0.1.7,/data/huanli/downloads/popular_crates/tree-sitter-language-0.1.7,exists,SUCCESS,1,0,2,2,1,0,0,0,1,True,False,
2356,polkavm-common,0.33.0,/data/huanli/downloads/popular_crates/polkavm-common-0.33.0,exists,SUCCESS,55,182,154,336,1,3,5,1,9,True,False,
2380,bitcoin-internals,0.5.0,/data/huanli/downloads/popular_crates/bitcoin-internals-0.5.0,exists,SUCCESS,6,9,9,18,0,4,2,4,6,True,False,
2387,alloy-dyn-abi,1.5.7,/data/huanli/downloads/popular_crates/alloy-dyn-abi-1.5.7,exists,SUCCESS,11,2,90,92,0,0,1,0,1,True,False,
2396,polars-utils,0.53.0,/data/huanli/downloads/popular_crates/polars-utils-0.53.0,exists,SUCCESS,63,49,281,330,9,28,47,22,84,True,False,
2400,intrusive-collections,0.10.1,/data/huanli/downloads/popular_crates/intrusive-collections-0.10.1,exists,SUCCESS,46,0,221,221,25,63,20,62,108,True,False,
2402,libz-ng-sys,1.1.28,/data/huanli/downloads/popular_crates/libz-ng-sys-1.1.28,exists,SUCCESS,4,62,0,62,5,0,0,0,5,True,False,
2404,webkit2gtk,2.0.2,/data/huanli/downloads/popular_crates/webkit2gtk-2.0.2,exists,SUCCESS,70,0,129,129,2,25,283,5,310,True,False,
2405,awc,3.8.2,/data/huanli/downloads/popular_crates/awc-3.8.2,exists,SUCCESS,43,16,134,150,0,0,2,0,2,True,False,
2409,capnp,0.25.4,/data/huanli/downloads/popular_crates/capnp-0.25.4,exists,SUCCESS,256,32,1180,1212,4,43,14,41,61,True,False,
2419,rasn,0.28.13,/data/huanli/downloads/popular_crates/rasn-0.28.13,exists,SUCCESS,333,76,518,594,0,2,0,0,2,True,False,
2420,guppy,0.17.25,/data/huanli/downloads/popular_crates/guppy-0.17.25,exists,SUCCESS,64,4,326,330,0,0,1,0,1,True,False,
2426,softbuffer,0.4.8,/data/huanli/downloads/popular_crates/softbuffer-0.4.8,exists,SUCCESS,14,1,15,16,1,5,6,4,12,True,False,
2431,tantivy-stacker,0.7.0,/data/huanli/downloads/popular_crates/tantivy-stacker-0.7.0,exists,SUCCESS,8,6,33,39,0,3,5,0,8,True,False,
2433,tantivy-columnar,0.7.0,/data/huanli/downloads/popular_crates/tantivy-columnar-0.7.0,exists,SUCCESS,68,36,129,165,0,1,0,1,1,True,False,
2435,polars-arrow,0.53.0,/data/huanli/downloads/popular_crates/polars-arrow-0.53.0,exists,SUCCESS,121,145,1052,1197,159,132,67,100,358,True,False,
2437,spl-token-2022,11.0.0,/data/huanli/downloads/popular_crates/spl-token-2022-11.0.0,exists,SUCCESS,1,38,25,63,1,0,1,0,2,True,False,
2439,polars-core,0.53.0,/data/huanli/downloads/popular_crates/polars-core-0.53.0,exists,SUCCESS,99,148,975,1123,99,136,76,114,311,True,False,
2449,pulp,0.22.2,/data/huanli/downloads/popular_crates/pulp-0.22.2,exists,SUCCESS,101,25,1643,1668,144,654,273,643,1071,True,False,
2458,core-text,22.0.0,/data/huanli/downloads/popular_crates/core-text-22.0.0,exists,SUCCESS,16,40,69,109,3,45,9,24,57,True,False,
2467,konst,0.4.3,/data/huanli/downloads/popular_crates/konst-0.4.3,exists,SUCCESS,100,329,364,693,3,36,3,13,42,True,False,
2472,polars-io,0.53.0,/data/huanli/downloads/popular_crates/polars-io-0.53.0,exists,SUCCESS,24,14,44,58,0,0,2,0,2,True,False,
2473,spl-token,9.0.0,/data/huanli/downloads/popular_crates/spl-token-9.0.0,exists,SUCCESS,1,12,24,36,1,1,1,0,3,True,False,
2477,polars,0.53.0,/data/huanli/downloads/popular_crates/polars-0.53.0,exists,SUCCESS,0,2,0,2,0,0,1,0,1,True,False,
2479,bitcoin,0.32.9,/data/huanli/downloads/popular_crates/bitcoin-0.32.9,exists,SUCCESS,233,17,698,715,0,9,165,6,174,True,False,
2499,polars-ops,0.53.0,/data/huanli/downloads/popular_crates/polars-ops-0.53.0,exists,SUCCESS,10,33,16,49,0,5,9,0,14,True,False,
2516,polars-time,0.53.0,/data/huanli/downloads/popular_crates/polars-time-0.53.0,exists,SUCCESS,11,5,55,60,0,0,1,0,1,True,False,
2517,faststr,0.2.34,/data/huanli/downloads/popular_crates/faststr-0.2.34,exists,SUCCESS,2,1,29,30,8,6,9,2,23,True,False,
2529,polars-plan,0.53.0,/data/huanli/downloads/popular_crates/polars-plan-0.53.0,exists,SUCCESS,178,116,594,710,0,7,5,5,12,True,False,
2531,alloy-trie,0.9.5,/data/huanli/downloads/popular_crates/alloy-trie-0.9.5,exists,SUCCESS,20,10,95,105,0,7,2,3,9,True,False,
2534,polars-row,0.53.0,/data/huanli/downloads/popular_crates/polars-row-0.53.0,exists,SUCCESS,5,24,13,37,15,2,2,1,19,True,False,
2541,cadence-macros,1.8.0,/data/huanli/downloads/popular_crates/cadence-macros-1.8.0,exists,SUCCESS,2,3,4,7,0,1,0,1,1,True,False,
2552,domain,0.12.0,/data/huanli/downloads/popular_crates/domain-0.12.0,exists,SUCCESS,247,21,1341,1362,41,135,39,35,215,True,False,
2556,polkavm-derive,0.33.0,/data/huanli/downloads/popular_crates/polkavm-derive-0.33.0,exists,SUCCESS,3,2,0,2,1,0,0,0,1,True,False,
2589,pythonize,0.28.0,/data/huanli/downloads/popular_crates/pythonize-0.28.0,exists,SUCCESS,11,3,3,6,0,0,3,0,3,True,False,
2601,gemm,0.19.0,/data/huanli/downloads/popular_crates/gemm-0.19.0,exists,SUCCESS,0,1,0,1,1,0,0,0,1,True,False,
2607,gemm-c32,0.19.0,/data/huanli/downloads/popular_crates/gemm-c32-0.19.0,exists,SUCCESS,0,27,0,27,26,1,0,0,27,True,False,
2608,gemm-f32,0.19.0,/data/huanli/downloads/popular_crates/gemm-f32-0.19.0,exists,SUCCESS,0,36,0,36,35,1,0,0,36,True,False,
2609,gemm-c64,0.19.0,/data/huanli/downloads/popular_crates/gemm-c64-0.19.0,exists,SUCCESS,0,27,0,27,26,1,0,0,27,True,False,
2610,gemm-common,0.19.0,/data/huanli/downloads/popular_crates/gemm-common-0.19.0,exists,SUCCESS,11,22,7,29,10,4,4,2,18,True,False,
2611,gemm-f64,0.19.0,/data/huanli/downloads/popular_crates/gemm-f64-0.19.0,exists,SUCCESS,0,36,0,36,35,1,0,0,36,True,False,
2617,gemm-f16,0.19.0,/data/huanli/downloads/popular_crates/gemm-f16-0.19.0,exists,SUCCESS,0,7,0,7,6,1,0,0,7,True,False,
2665,ort,2.0.0-rc.12,/data/huanli/downloads/popular_crates/ort-2.0.0-rc.12,exists,SUCCESS,119,10,483,493,9,50,23,45,82,True,False,
2696,ark-relations,0.6.0,/data/huanli/downloads/popular_crates/ark-relations-0.6.0,exists,SUCCESS,19,4,144,148,0,2,0,2,2,True,False,
2722,ort-sys,2.0.0-rc.12,/data/huanli/downloads/popular_crates/ort-sys-2.0.0-rc.12,exists,SUCCESS,92,19,7,26,2,0,0,0,2,True,False,
2728,tracy-client,0.18.4,/data/huanli/downloads/popular_crates/tracy-client-0.18.4,exists,SUCCESS,15,7,36,43,3,1,2,1,6,True,False,
2732,c2pa,0.83.0,/data/huanli/downloads/popular_crates/c2pa-0.83.0,exists,SUCCESS,336,220,897,1117,1,4,1,2,6,True,False,
2745,ittapi,0.5.0,/data/huanli/downloads/popular_crates/ittapi-0.5.0,exists,SUCCESS,12,3,18,21,0,7,2,1,9,True,False,
2752,interprocess,2.4.2,/data/huanli/downloads/popular_crates/interprocess-2.4.2,exists,SUCCESS,30,17,55,72,5,12,13,10,30,True,False,
2757,imageproc,0.26.2,/data/huanli/downloads/popular_crates/imageproc-0.26.2,exists,SUCCESS,48,197,43,240,1,14,26,3,41,True,False,
2759,alloy-transport,2.0.4,/data/huanli/downloads/popular_crates/alloy-transport-2.0.4,exists,SUCCESS,13,2,47,49,0,0,1,0,1,True,False,
2777,alloy-provider,2.0.4,/data/huanli/downloads/popular_crates/alloy-provider-2.0.4,exists,SUCCESS,95,2,293,295,0,0,3,0,3,True,False,
2801,landlock,0.4.4,/data/huanli/downloads/popular_crates/landlock-0.4.4,exists,SUCCESS,31,4,11,15,3,6,3,2,12,True,False,
2811,rapidhash,4.4.1,/data/huanli/downloads/popular_crates/rapidhash-4.4.1,exists,SUCCESS,11,27,33,60,0,2,7,2,9,True,False,
2831,parity-db,0.5.5,/data/huanli/downloads/popular_crates/parity-db-0.5.5,exists,SUCCESS,77,9,317,326,0,4,5,3,9,True,False,
2858,coreaudio-rs,0.14.2,/data/huanli/downloads/popular_crates/coreaudio-rs-0.14.2,exists,SUCCESS,33,2,53,55,2,7,2,6,11,True,False,
2867,egui_extras,0.34.2,/data/huanli/downloads/popular_crates/egui_extras-0.34.2,exists,SUCCESS,12,3,82,85,0,0,2,0,2,True,False,
2868,foyer-common,0.22.3,/data/huanli/downloads/popular_crates/foyer-common-0.22.3,exists,SUCCESS,15,11,22,33,0,0,4,0,4,True,False,
2878,geojson,1.0.0,/data/huanli/downloads/popular_crates/geojson-1.0.0,exists,SUCCESS,12,21,39,60,0,2,0,0,2,True,False,
2880,foyer-storage,0.22.3,/data/huanli/downloads/popular_crates/foyer-storage-0.22.3,exists,SUCCESS,90,0,169,169,1,1,6,0,8,True,False,
2883,swc_ecma_utils,29.1.0,/data/huanli/downloads/popular_crates/swc_ecma_utils-29.1.0,exists,SUCCESS,25,49,32,81,0,0,1,0,1,True,False,
2888,swc_ecma_codegen,26.0.1,/data/huanli/downloads/popular_crates/swc_ecma_codegen-26.0.1,exists,SUCCESS,7,13,19,32,0,1,1,0,2,True,False,
2905,foyer-memory,0.22.3,/data/huanli/downloads/popular_crates/foyer-memory-0.22.3,exists,SUCCESS,40,1,105,106,0,4,19,3,23,True,False,
2915,pulley-interpreter,44.0.1,/data/huanli/downloads/popular_crates/pulley-interpreter-44.0.1,exists,SUCCESS,547,0,17,17,2,2,0,0,4,True,False,
2939,polkavm,0.33.1,/data/huanli/downloads/popular_crates/polkavm-0.33.1,exists,SUCCESS,48,184,162,346,3,4,32,4,39,True,False,
2945,cmov,0.5.3,/data/huanli/downloads/popular_crates/cmov-0.5.3,exists,SUCCESS,0,0,0,0,0,0,65,0,65,True,False,
2959,polkavm-linux-raw,0.33.0,/data/huanli/downloads/popular_crates/polkavm-linux-raw-0.33.0,exists,SUCCESS,101,119,47,166,41,75,17,6,133,True,False,
2963,smoldot,1.1.1,/data/huanli/downloads/popular_crates/smoldot-1.1.1,exists,SUCCESS,728,116,1236,1352,0,3,0,3,3,True,False,
2967,smoldot-light,1.1.2,/data/huanli/downloads/popular_crates/smoldot-light-1.1.2,exists,SUCCESS,81,6,71,77,0,0,3,0,3,True,False,
2978,clickhouse,0.15.0,/data/huanli/downloads/popular_crates/clickhouse-0.15.0,exists,SUCCESS,23,8,88,96,0,0,2,0,2,True,False,
2979,wasmi_collections,1.0.9,/data/huanli/downloads/popular_crates/wasmi_collections-1.0.9,exists,SUCCESS,32,1,108,109,0,0,1,0,1,True,False,
3007,accesskit_unix,0.21.1,/data/huanli/downloads/popular_crates/accesskit_unix-0.21.1,exists,SUCCESS,1,0,4,4,0,0,1,0,1,True,False,
3021,s2n-tls,0.3.36,/data/huanli/downloads/popular_crates/s2n-tls-0.3.36,exists,SUCCESS,37,3,161,164,5,17,12,16,34,True,False,
3045,sp-core,41.0.0,/data/huanli/downloads/popular_crates/sp-core-41.0.0,exists,SUCCESS,69,9,92,101,1,0,0,0,1,True,False,
3049,etherparse,0.20.1,/data/huanli/downloads/popular_crates/etherparse-0.20.1,exists,SUCCESS,219,11,953,964,12,195,23,152,230,True,False,
3051,accesskit_windows,0.33.0,/data/huanli/downloads/popular_crates/accesskit_windows-0.33.0,exists,SUCCESS,4,0,7,7,0,0,8,0,8,True,False,
3064,wasmer-types,7.1.0,/data/huanli/downloads/popular_crates/wasmer-types-7.1.0,exists,SUCCESS,174,1,335,336,1,3,42,2,46,True,False,
3065,cargo-util,0.2.28,/data/huanli/downloads/popular_crates/cargo-util-0.2.28,exists,SUCCESS,4,39,36,75,0,1,0,0,1,True,False,
3067,platform-info,2.1.0,/data/huanli/downloads/popular_crates/platform-info-2.1.0,exists,SUCCESS,2,2,0,2,0,1,0,0,1,True,False,
3072,perf-event-open-sys,6.0.0,/data/huanli/downloads/popular_crates/perf-event-open-sys-6.0.0,exists,SUCCESS,24,13,299,312,159,140,18,140,317,True,False,
3074,bnum,0.14.4,/data/huanli/downloads/popular_crates/bnum-0.14.4,exists,SUCCESS,10,11,337,348,16,40,0,37,56,True,False,
3079,accesskit_macos,0.26.1,/data/huanli/downloads/popular_crates/accesskit_macos-0.26.1,exists,SUCCESS,3,1,11,12,4,0,8,0,12,True,False,
3082,mappings,0.7.2,/data/huanli/downloads/popular_crates/mappings-0.7.2,exists,SUCCESS,2,2,0,2,1,0,0,0,1,True,False,
3095,vrl,0.32.0,/data/huanli/downloads/popular_crates/vrl-0.32.0,exists,SUCCESS,389,54,480,534,0,0,1,0,1,True,False,
3096,polkavm-linker,0.33.0,/data/huanli/downloads/popular_crates/polkavm-linker-0.33.0,exists,SUCCESS,33,2,78,80,0,1,0,0,1,True,False,
3106,alloy-contract,2.0.4,/data/huanli/downloads/popular_crates/alloy-contract-2.0.4,exists,SUCCESS,11,0,98,98,0,0,2,0,2,True,False,
3111,tauri-plugin-dialog,2.7.1,/data/huanli/downloads/popular_crates/tauri-plugin-dialog-2.7.1,exists,SUCCESS,13,8,30,38,0,0,2,0,2,True,False,
3114,wasmer-compiler,7.1.0,/data/huanli/downloads/popular_crates/wasmer-compiler-7.1.0,exists,SUCCESS,93,16,134,150,13,2,28,1,43,True,False,
3115,wasmer-vm,7.1.0,/data/huanli/downloads/popular_crates/wasmer-vm-7.1.0,exists,SUCCESS,56,62,138,200,61,19,45,12,125,True,False,
3119,kafka-protocol,0.17.0,/data/huanli/downloads/popular_crates/kafka-protocol-0.17.0,exists,SUCCESS,507,6,2413,2419,0,1,0,1,1,True,False,
3124,wasmer,7.1.0,/data/huanli/downloads/popular_crates/wasmer-7.1.0,exists,SUCCESS,105,2,446,448,17,53,25,53,95,True,False,
3127,rustler,0.37.4,/data/huanli/downloads/popular_crates/rustler-0.37.4,exists,SUCCESS,53,201,110,311,183,59,59,44,301,True,False,
3163,icu_locale,2.2.0,/data/huanli/downloads/popular_crates/icu_locale-2.2.0,exists,SUCCESS,35,1,56,57,0,5,21,4,26,True,False,
3167,uniffi,0.31.1,/data/huanli/downloads/popular_crates/uniffi-0.31.1,exists,SUCCESS,4,54,0,54,51,0,0,0,51,True,False,
3173,wiggle,44.0.1,/data/huanli/downloads/popular_crates/wiggle-44.0.1,exists,SUCCESS,4,1,27,28,0,2,17,2,19,True,False,
3174,icu_decimal,2.2.0,/data/huanli/downloads/popular_crates/icu_decimal-2.2.0,exists,SUCCESS,15,2,14,16,0,7,4,7,11,True,False,
3177,wasmtime-fiber,34.0.2,/data/huanli/downloads/popular_crates/wasmtime-fiber-34.0.2,exists,SUCCESS,6,0,21,21,2,0,3,0,5,True,False,
3189,pyroscope,2.0.3,/data/huanli/downloads/popular_crates/pyroscope-2.0.3,exists,SUCCESS,46,14,56,70,2,0,0,0,2,True,False,
3191,riscv,0.16.0,/data/huanli/downloads/popular_crates/riscv-0.16.0,exists,SUCCESS,59,1001,463,1464,470,407,0,0,877,True,False,
3196,s2n-tls-tokio,0.3.36,/data/huanli/downloads/popular_crates/s2n-tls-tokio-0.3.36,exists,SUCCESS,16,30,35,65,0,0,1,0,1,True,False,
3201,taffy,0.10.1,/data/huanli/downloads/popular_crates/taffy-0.10.1,exists,SUCCESS,82,35,269,304,5,3,11,1,19,True,False,
3225,icu_calendar,2.2.1,/data/huanli/downloads/popular_crates/icu_calendar-2.2.1,exists,SUCCESS,86,3,129,132,0,2,1,1,3,True,False,
3227,scylla,1.6.0,/data/huanli/downloads/popular_crates/scylla-1.6.0,exists,SUCCESS,140,1,336,337,0,0,4,0,4,True,False,
3235,swash,0.2.7,/data/huanli/downloads/popular_crates/swash-0.2.7,exists,SUCCESS,196,78,613,691,3,14,7,9,24,True,False,
3238,pyo3-arrow,0.17.0,/data/huanli/downloads/popular_crates/pyo3-arrow-0.17.0,exists,SUCCESS,28,10,100,110,1,3,11,3,15,True,False,
3240,cargo,0.96.0,/data/huanli/downloads/popular_crates/cargo-0.96.0,exists,SUCCESS,382,343,1224,1567,1,3,6,0,10,True,False,
3243,chardetng,1.0.0,/data/huanli/downloads/popular_crates/chardetng-1.0.0,exists,SUCCESS,6,1,8,9,0,0,1,0,1,True,False,
3244,tiktoken-rs,0.11.0,/data/huanli/downloads/popular_crates/tiktoken-rs-0.11.0,exists,SUCCESS,7,24,19,43,0,0,1,0,1,True,False,
3262,scylla-cql,1.6.0,/data/huanli/downloads/popular_crates/scylla-cql-1.6.0,exists,SUCCESS,199,49,220,269,0,0,1,0,1,True,False,
3264,datafusion-datasource,53.1.0,/data/huanli/downloads/popular_crates/datafusion-datasource-53.1.0,exists,SUCCESS,34,18,141,159,0,1,0,0,1,True,False,
3268,rtrb,0.3.4,/data/huanli/downloads/popular_crates/rtrb-0.3.4,exists,SUCCESS,12,9,44,53,2,19,5,19,26,True,False,
3276,uniffi_core,0.31.1,/data/huanli/downloads/popular_crates/uniffi_core-0.31.1,exists,SUCCESS,17,16,45,61,10,5,4,3,19,True,False,
3278,corosensei,0.3.3,/data/huanli/downloads/popular_crates/corosensei-0.3.3,exists,SUCCESS,11,16,28,44,12,8,6,4,26,True,False,
3295,lyon_path,1.0.19,/data/huanli/downloads/popular_crates/lyon_path-1.0.19,exists,SUCCESS,46,5,176,181,0,0,7,0,7,True,False,
3299,network-interface,2.0.5,/data/huanli/downloads/popular_crates/network-interface-2.0.5,exists,SUCCESS,6,5,6,11,0,3,6,0,9,True,False,
3332,rhai,1.24.0,/data/huanli/downloads/popular_crates/rhai-1.24.0,exists,SUCCESS,566,595,1099,1694,0,7,0,5,7,True,False,
3340,symphonia-core,0.5.5,/data/huanli/downloads/popular_crates/symphonia-core-0.5.5,exists,SUCCESS,92,35,201,236,1,0,0,0,1,True,False,
3354,bevy_utils,0.18.1,/data/huanli/downloads/popular_crates/bevy_utils-0.18.1,exists,SUCCESS,4,1,15,16,0,0,1,0,1,True,False,
3369,libbpf-sys,1.7.0+v1.7.0,/data/huanli/downloads/popular_crates/libbpf-sys-1.7.0+v1.7.0,exists,SUCCESS,272,357,344,701,158,152,123,152,433,True,False,
3387,pingora-core,0.8.0,/data/huanli/downloads/popular_crates/pingora-core-0.8.0,exists,SUCCESS,108,38,540,578,1,5,13,2,19,True,False,
3391,wasmtime-wasi,44.0.1,/data/huanli/downloads/popular_crates/wasmtime-wasi-44.0.1,exists,SUCCESS,58,44,63,107,0,0,5,0,5,True,False,
3399,solana-account-info,3.1.1,/data/huanli/downloads/popular_crates/solana-account-info-3.1.1,exists,SUCCESS,1,4,16,20,1,3,0,2,4,True,False,
3409,bevy_reflect,0.18.1,/data/huanli/downloads/popular_crates/bevy_reflect-0.18.1,exists,SUCCESS,79,31,403,434,2,0,2,0,4,True,False,
3419,solana-rent,4.2.0,/data/huanli/downloads/popular_crates/solana-rent-4.2.0,exists,SUCCESS,1,0,6,6,0,0,1,0,1,True,False,
3429,grid,1.0.1,/data/huanli/downloads/popular_crates/grid-1.0.1,exists,SUCCESS,4,1,56,57,2,2,0,2,4,True,False,
3435,sp-externalities,0.32.0,/data/huanli/downloads/popular_crates/sp-externalities-0.32.0,exists,SUCCESS,4,2,15,17,0,2,0,0,2,True,False,
3439,bevy_ecs,0.18.1,/data/huanli/downloads/popular_crates/bevy_ecs-0.18.1,exists,SUCCESS,376,76,1936,2012,168,249,236,237,653,True,False,
3447,solana-clock,3.0.1,/data/huanli/downloads/popular_crates/solana-clock-3.0.1,exists,SUCCESS,1,0,0,0,0,0,1,0,1,True,False,
3453,etcd-client,0.18.0,/data/huanli/downloads/popular_crates/etcd-client-0.18.0,exists,SUCCESS,113,3,434,437,6,13,9,13,28,True,False,
3461,bevy_tasks,0.18.1,/data/huanli/downloads/popular_crates/bevy_tasks-0.18.1,exists,SUCCESS,21,4,33,37,0,1,0,1,1,True,False,
3466,kiddo,5.3.1,/data/huanli/downloads/popular_crates/kiddo-5.3.1,exists,SUCCESS,21,33,51,84,0,11,11,11,22,True,False,
3485,deku,0.20.3,/data/huanli/downloads/popular_crates/deku-0.20.3,exists,SUCCESS,48,2,33,35,0,2,5,2,7,True,False,
3498,datafusion-datasource-csv,53.1.0,/data/huanli/downloads/popular_crates/datafusion-datasource-csv-53.1.0,exists,SUCCESS,7,2,43,45,0,1,0,1,1,True,False,
3501,icu_segmenter,2.2.0,/data/huanli/downloads/popular_crates/icu_segmenter-2.2.0,exists,SUCCESS,49,1,73,74,0,0,19,0,19,True,False,
3515,bitcode,0.6.9,/data/huanli/downloads/popular_crates/bitcode-0.6.9,exists,SUCCESS,40,24,36,60,6,15,30,13,51,True,False,
3517,revm-interpreter,35.0.1,/data/huanli/downloads/popular_crates/revm-interpreter-35.0.1,exists,SUCCESS,28,106,182,288,4,45,16,8,65,True,False,
3520,solana-epoch-schedule,3.1.0,/data/huanli/downloads/popular_crates/solana-epoch-schedule-3.1.0,exists,SUCCESS,1,0,9,9,0,0,1,0,1,True,False,
3522,smoltcp,0.13.1,/data/huanli/downloads/popular_crates/smoltcp-0.13.1,exists,SUCCESS,222,129,1067,1196,5,1,0,0,6,True,False,
3531,sp-storage,23.0.0,/data/huanli/downloads/popular_crates/sp-storage-23.0.0,exists,SUCCESS,11,3,21,24,0,0,2,0,2,True,False,
3536,revm-precompile,34.0.0,/data/huanli/downloads/popular_crates/revm-precompile-34.0.0,exists,SUCCESS,10,71,49,120,0,1,4,0,5,True,False,
3544,solana-serialize-utils,3.1.1,/data/huanli/downloads/popular_crates/solana-serialize-utils-3.1.1,exists,SUCCESS,0,16,0,16,0,1,0,0,1,True,False,
3545,tracing-journald,0.3.2,/data/huanli/downloads/popular_crates/tracing-journald-0.3.2,exists,SUCCESS,3,1,7,8,0,0,3,0,3,True,False,
3546,rubato,2.0.0,/data/huanli/downloads/popular_crates/rubato-2.0.0,exists,SUCCESS,13,20,5,25,0,2,4,0,6,True,False,
3552,wasmtime-internal-jit-icache-coherence,44.0.1,/data/huanli/downloads/popular_crates/wasmtime-internal-jit-icache-coherence-44.0.1,exists,SUCCESS,0,2,0,2,1,0,0,0,1,True,False,
3555,pcap,2.4.0,/data/huanli/downloads/popular_crates/pcap-2.4.0,exists,SUCCESS,40,50,79,129,5,6,5,4,16,True,False,
3578,bevy_ptr,0.18.1,/data/huanli/downloads/popular_crates/bevy_ptr-0.18.1,exists,SUCCESS,8,0,43,43,27,7,7,6,41,True,False,
3586,subxt-lightclient,0.50.1,/data/huanli/downloads/popular_crates/subxt-lightclient-0.50.1,exists,SUCCESS,12,1,11,12,0,1,0,1,1,True,False,
3592,mysql_async,0.36.2,/data/huanli/downloads/popular_crates/mysql_async-0.36.2,exists,SUCCESS,54,5,169,174,0,0,1,0,1,True,False,
3597,sp-runtime,47.0.0,/data/huanli/downloads/popular_crates/sp-runtime-47.0.0,exists,SUCCESS,97,9,129,138,0,2,1,2,3,True,False,
3600,solana-account,4.3.0,/data/huanli/downloads/popular_crates/solana-account-4.3.0,exists,SUCCESS,2,2,15,17,0,1,0,1,1,True,False,
3604,solana-vote-program,3.1.14,/data/huanli/downloads/popular_crates/solana-vote-program-3.1.14,exists,SUCCESS,3,18,5,23,0,1,0,0,1,True,False,
3613,deno_core,0.400.0,/data/huanli/downloads/popular_crates/deno_core-0.400.0,exists,SUCCESS,215,293,363,656,92,73,111,28,276,True,False,
3618,solana-stable-layout,3.0.1,/data/huanli/downloads/popular_crates/solana-stable-layout-3.0.1,exists,SUCCESS,2,0,3,3,0,0,4,0,4,True,False,
3619,solana-streamer,3.1.14,/data/huanli/downloads/popular_crates/solana-streamer-3.1.14,exists,SUCCESS,26,24,21,45,0,1,4,0,5,True,False,
3666,libbpf-rs,0.26.2,/data/huanli/downloads/popular_crates/libbpf-rs-0.26.2,exists,SUCCESS,117,20,283,303,4,59,41,40,104,True,False,
3678,futures-concurrency,7.7.1,/data/huanli/downloads/popular_crates/futures-concurrency-7.7.1,exists,SUCCESS,138,27,36,63,0,3,88,3,91,True,False,
3683,tokio-websockets,0.13.2,/data/huanli/downloads/popular_crates/tokio-websockets-0.13.2,exists,SUCCESS,10,2,27,29,0,1,5,0,6,True,False,
3685,solana-program-runtime,3.1.14,/data/huanli/downloads/popular_crates/solana-program-runtime-3.1.14,exists,SUCCESS,27,31,98,129,1,5,2,0,8,True,False,
3687,wasmtime-internal-unwinder,44.0.1,/data/huanli/downloads/popular_crates/wasmtime-internal-unwinder-44.0.1,exists,SUCCESS,6,6,13,19,9,1,0,0,10,True,False,
3692,icu_plurals,2.2.0,/data/huanli/downloads/popular_crates/icu_plurals-2.2.0,exists,SUCCESS,77,10,50,60,1,0,8,0,9,True,False,
3702,wasmtime-internal-fiber,44.0.1,/data/huanli/downloads/popular_crates/wasmtime-internal-fiber-44.0.1,exists,SUCCESS,6,0,21,21,2,1,4,0,7,True,False,
3705,rb-sys,0.9.128,/data/huanli/downloads/popular_crates/rb-sys-0.9.128,exists,SUCCESS,3,53,14,67,35,0,0,0,35,True,False,
3723,bevy_transform,0.18.1,/data/huanli/downloads/popular_crates/bevy_transform-0.18.1,exists,SUCCESS,9,3,70,73,0,0,1,0,1,True,False,
3729,bevy,0.18.1,/data/huanli/downloads/popular_crates/bevy-0.18.1,exists,SUCCESS,74,103,5,108,0,0,14,0,14,True,False,
3740,parry3d-f64,0.26.0,/data/huanli/downloads/popular_crates/parry3d-f64-0.26.0,exists,SUCCESS,133,265,679,944,0,6,3,3,9,True,False,
3741,icu_datetime,2.2.0,/data/huanli/downloads/popular_crates/icu_datetime-2.2.0,exists,SUCCESS,193,7,444,451,0,0,42,0,42,True,False,
3744,cedar-policy-core,4.10.0,/data/huanli/downloads/popular_crates/cedar-policy-core-4.10.0,exists,SUCCESS,469,57,896,953,0,0,2,0,2,True,False,
3750,bevy_window,0.18.1,/data/huanli/downloads/popular_crates/bevy_window-0.18.1,exists,SUCCESS,51,3,50,53,2,0,2,0,4,True,False,
3760,bevy_asset,0.18.1,/data/huanli/downloads/popular_crates/bevy_asset-0.18.1,exists,SUCCESS,111,4,292,296,1,0,1,0,2,True,False,
3761,drm-sys,0.8.1,/data/huanli/downloads/popular_crates/drm-sys-0.8.1,exists,SUCCESS,106,1,0,1,0,0,24,0,24,True,False,
3764,alloy-transport-ws,2.0.4,/data/huanli/downloads/popular_crates/alloy-transport-ws-2.0.4,exists,SUCCESS,2,0,15,15,0,1,0,1,1,True,False,
3767,drm,0.15.0,/data/huanli/downloads/popular_crates/drm-0.15.0,exists,SUCCESS,65,24,127,151,2,4,1,3,7,True,False,
3769,nextest-runner,0.114.0,/data/huanli/downloads/popular_crates/nextest-runner-0.114.0,exists,SUCCESS,398,37,540,577,0,1,16,1,17,True,False,
3778,drm-ffi,0.9.1,/data/huanli/downloads/popular_crates/drm-ffi-0.9.1,exists,SUCCESS,0,125,0,125,62,16,1,0,79,True,False,
3780,solana-signature,3.4.0,/data/huanli/downloads/popular_crates/solana-signature-3.4.0,exists,SUCCESS,3,0,2,2,0,0,1,0,1,True,False,
3782,ndarray-stats,0.7.0,/data/huanli/downloads/popular_crates/ndarray-stats-0.7.0,exists,SUCCESS,24,3,37,40,0,1,40,1,41,True,False,
3787,flutter_rust_bridge,2.12.0,/data/huanli/downloads/popular_crates/flutter_rust_bridge-2.12.0,exists,SUCCESS,37,38,55,93,22,1,0,0,23,True,False,
3789,serenity,0.12.5,/data/huanli/downloads/popular_crates/serenity-0.12.5,exists,SUCCESS,530,69,1854,1923,0,2,27,1,29,True,False,
3795,bevy_render,0.18.1,/data/huanli/downloads/popular_crates/bevy_render-0.18.1,exists,SUCCESS,279,72,482,554,1,1,11,0,13,True,False,
3805,polars-compute,0.53.0,/data/huanli/downloads/popular_crates/polars-compute-0.53.0,exists,SUCCESS,39,71,61,132,12,11,35,5,58,True,False,
3812,malachite-bigint,0.9.1,/data/huanli/downloads/popular_crates/malachite-bigint-0.9.1,exists,SUCCESS,7,0,67,67,0,4,0,2,4,True,False,
3821,gcp-bigquery-client,0.28.0,/data/huanli/downloads/popular_crates/gcp-bigquery-client-0.28.0,exists,SUCCESS,281,6,341,347,0,4,1,4,5,True,False,
3846,salsa,0.26.2,/data/huanli/downloads/popular_crates/salsa-0.26.2,exists,SUCCESS,404,25,249,274,15,21,52,20,88,True,False,
3847,redb,4.1.0,/data/huanli/downloads/popular_crates/redb-4.1.0,exists,SUCCESS,48,2,97,99,0,2,3,0,5,True,False,
3855,anchor-lang,1.0.2,/data/huanli/downloads/popular_crates/anchor-lang-1.0.2,exists,SUCCESS,129,33,623,656,0,0,1,0,1,True,False,
3856,libbpf-cargo,0.26.2,/data/huanli/downloads/popular_crates/libbpf-cargo-0.26.2,exists,SUCCESS,3,3,10,13,0,0,2,0,2,True,False,
3859,papaya,0.2.4,/data/huanli/downloads/popular_crates/papaya-0.2.4,exists,SUCCESS,29,18,137,155,6,16,11,15,33,True,False,
3860,polars-parquet,0.53.0,/data/huanli/downloads/popular_crates/polars-parquet-0.53.0,exists,SUCCESS,102,142,239,381,5,24,13,7,42,True,False,
3864,solana-sysvar,4.0.0,/data/huanli/downloads/popular_crates/solana-sysvar-4.0.0,exists,SUCCESS,8,14,10,24,1,1,5,0,7,True,False,
3866,xcb,1.7.0,/data/huanli/downloads/popular_crates/xcb-1.7.0,exists,SUCCESS,449,8,854,862,19,625,112,589,756,True,False,
3868,tch,0.24.0,/data/huanli/downloads/popular_crates/tch-0.24.0,exists,SUCCESS,74,233,5624,5857,4,37,3,24,44,True,False,
3878,torch-sys,0.24.0,/data/huanli/downloads/popular_crates/torch-sys-0.24.0,exists,SUCCESS,5,2799,0,2799,0,0,7,0,7,True,False,
3883,bevy_scene,0.18.1,/data/huanli/downloads/popular_crates/bevy_scene-0.18.1,exists,SUCCESS,24,3,61,64,0,1,0,1,1,True,False,
3904,comrak,0.52.0,/data/huanli/downloads/popular_crates/comrak-0.52.0,exists,SUCCESS,205,119,205,324,0,44,1,0,45,True,False,
3906,measureme,12.0.3,/data/huanli/downloads/popular_crates/measureme-12.0.3,exists,SUCCESS,19,4,54,58,0,3,5,2,8,True,False,
3912,gloo-console,0.4.0,/data/huanli/downloads/popular_crates/gloo-console-0.4.0,exists,SUCCESS,2,16,4,20,0,15,0,0,15,True,False,
3923,bevy_pbr,0.18.1,/data/huanli/downloads/popular_crates/bevy_pbr-0.18.1,exists,SUCCESS,290,93,99,192,0,0,29,0,29,True,False,
3928,solana-rpc-client,3.1.14,/data/huanli/downloads/popular_crates/solana-rpc-client-3.1.14,exists,SUCCESS,9,3,265,268,0,0,1,0,1,True,False,
3936,ipc-channel,0.22.0,/data/huanli/downloads/popular_crates/ipc-channel-0.22.0,exists,SUCCESS,26,8,55,63,3,4,6,0,13,True,False,
3944,solana-packet,4.1.0,/data/huanli/downloads/popular_crates/solana-packet-4.1.0,exists,SUCCESS,3,0,20,20,0,0,1,0,1,True,False,
3947,cedar-policy,4.10.0,/data/huanli/downloads/popular_crates/cedar-policy-4.10.0,exists,SUCCESS,136,53,275,328,0,0,30,0,30,True,False,
3951,vm-memory,0.18.0,/data/huanli/downloads/popular_crates/vm-memory-0.18.0,exists,SUCCESS,22,5,62,67,6,14,6,14,26,True,False,
3985,google-cloud-pubsub,1.0.0,/data/huanli/downloads/popular_crates/google-cloud-pubsub-1.0.0,exists,SUCCESS,317,0,936,936,0,0,1,0,1,True,False,
3990,windows-bindgen,0.66.0,/data/huanli/downloads/popular_crates/windows-bindgen-0.66.0,exists,SUCCESS,88,55,290,345,0,3,12,2,15,True,False,
3994,bevy_core_pipeline,0.18.1,/data/huanli/downloads/popular_crates/bevy_core_pipeline-0.18.1,exists,SUCCESS,94,27,13,40,0,0,3,0,3,True,False,
4008,cgroups-rs,0.5.0,/data/huanli/downloads/popular_crates/cgroups-rs-0.5.0,exists,SUCCESS,107,29,1124,1153,0,0,15,0,15,True,False,
4019,perf-event,0.4.9,/data/huanli/downloads/popular_crates/perf-event-0.4.9,exists,SUCCESS,20,15,83,98,15,2,1,1,18,True,False,
4031,mlua,0.11.6,/data/huanli/downloads/popular_crates/mlua-0.11.6,exists,SUCCESS,46,2,250,252,10,80,37,79,127,True,False,
4035,openssh,0.11.6,/data/huanli/downloads/popular_crates/openssh-0.11.6,exists,SUCCESS,13,0,62,62,1,0,0,0,1,True,False,
4039,solana-epoch-rewards,3.0.1,/data/huanli/downloads/popular_crates/solana-epoch-rewards-3.0.1,exists,SUCCESS,1,0,1,1,0,0,1,0,1,True,False,
4040,blazesym,0.2.3,/data/huanli/downloads/popular_crates/blazesym-0.2.3,exists,SUCCESS,42,12,55,67,0,2,19,1,21,True,False,
4050,watchexec,8.2.0,/data/huanli/downloads/popular_crates/watchexec-8.2.0,exists,SUCCESS,18,7,40,47,0,2,1,1,3,True,False,
4070,typespec,0.14.0,/data/huanli/downloads/popular_crates/typespec-0.14.0,exists,SUCCESS,8,2,52,54,0,0,1,0,1,True,False,
4087,lyon_tessellation,1.0.20,/data/huanli/downloads/popular_crates/lyon_tessellation-1.0.20,exists,SUCCESS,23,4,94,98,0,0,1,0,1,True,False,
4093,capstone,0.14.0,/data/huanli/downloads/popular_crates/capstone-0.14.0,exists,SUCCESS,177,1,194,195,1,10,23,9,34,True,False,
4107,cosmic-text,0.19.0,/data/huanli/downloads/popular_crates/cosmic-text-0.19.0,exists,SUCCESS,68,6,243,249,0,0,9,0,9,True,False,
4126,ic-cdk,0.20.1,/data/huanli/downloads/popular_crates/ic-cdk-0.20.1,exists,SUCCESS,21,61,35,96,0,1,1,0,2,True,False,
4142,candid,0.10.27,/data/huanli/downloads/popular_crates/candid-0.10.27,exists,SUCCESS,37,64,66,130,0,0,2,0,2,True,False,
4143,crash-context,0.7.0,/data/huanli/downloads/popular_crates/crash-context-0.7.0,exists,SUCCESS,6,1,2,3,0,1,0,1,1,True,False,
4150,litep2p,0.14.0,/data/huanli/downloads/popular_crates/litep2p-0.14.0,exists,SUCCESS,172,5,377,382,0,1,4,1,5,True,False,
4158,yew,0.23.0,/data/huanli/downloads/popular_crates/yew-0.23.0,exists,SUCCESS,153,25,316,341,1,2,1,2,4,True,False,
4175,boring,5.1.0,/data/huanli/downloads/popular_crates/boring-5.1.0,exists,SUCCESS,192,41,855,896,27,162,108,117,297,True,False,
4178,wasmi_ir,1.0.9,/data/huanli/downloads/popular_crates/wasmi_ir-1.0.9,exists,SUCCESS,34,0,529,529,0,0,4,0,4,True,False,
4184,icu_list,2.2.0,/data/huanli/downloads/popular_crates/icu_list-2.2.0,exists,SUCCESS,14,0,14,14,1,0,5,0,6,True,False,
4185,candle-core,0.10.2,/data/huanli/downloads/popular_crates/candle-core-0.10.2,exists,SUCCESS,112,74,430,504,5,3,19,0,27,True,False,
4188,salvo_core,0.93.0,/data/huanli/downloads/popular_crates/salvo_core-0.93.0,exists,SUCCESS,87,33,432,465,0,0,1,0,1,True,False,
4201,embassy-sync,0.8.0,/data/huanli/downloads/popular_crates/embassy-sync-0.8.0,exists,SUCCESS,85,1,297,298,1,13,10,11,24,True,False,
4203,linked_list_allocator,0.10.6,/data/huanli/downloads/popular_crates/linked_list_allocator-0.10.6,exists,SUCCESS,2,3,19,22,6,2,2,1,10,True,False,
4212,polars-expr,0.53.0,/data/huanli/downloads/popular_crates/polars-expr-0.53.0,exists,SUCCESS,51,48,89,137,8,6,40,3,54,True,False,
4229,icu_collator,2.2.0,/data/huanli/downloads/popular_crates/icu_collator-2.2.0,exists,SUCCESS,24,2,16,18,0,3,8,3,11,True,False,
4232,windows-metadata,0.60.0,/data/huanli/downloads/popular_crates/windows-metadata-0.60.0,exists,SUCCESS,106,1,149,150,0,3,10,3,13,True,False,
4243,webrtc-media,0.17.1,/data/huanli/downloads/popular_crates/webrtc-media-0.17.1,exists,SUCCESS,23,0,26,26,0,0,6,0,6,True,False,
4276,webauthn-rs-core,0.5.5,/data/huanli/downloads/popular_crates/webauthn-rs-core-0.5.5,exists,SUCCESS,48,5,40,45,0,1,0,0,1,True,False,
4315,cudarc,0.19.6,/data/huanli/downloads/popular_crates/cudarc-0.19.6,exists,SUCCESS,297,1110,208,1318,1083,71,3,38,1157,True,False,
4318,polars-mem-engine,0.53.0,/data/huanli/downloads/popular_crates/polars-mem-engine-0.53.0,exists,SUCCESS,20,6,15,21,0,0,4,0,4,True,False,
4321,pgp,0.19.0,/data/huanli/downloads/popular_crates/pgp-0.19.0,exists,SUCCESS,205,36,802,838,0,0,13,0,13,True,False,
4327,x86_64,0.15.4,/data/huanli/downloads/popular_crates/x86_64-0.15.4,exists,SUCCESS,85,2,155,157,11,3,3,0,17,True,False,
4339,revm-context-interface,17.0.1,/data/huanli/downloads/popular_crates/revm-context-interface-17.0.1,exists,SUCCESS,37,11,215,226,4,5,2,3,11,True,False,
4360,cosmwasm-std,3.0.5,/data/huanli/downloads/popular_crates/cosmwasm-std-3.0.5,exists,SUCCESS,155,36,638,674,0,8,0,8,8,True,False,
4371,revm-context,16.0.1,/data/huanli/downloads/popular_crates/revm-context-16.0.1,exists,SUCCESS,13,0,136,136,0,0,1,0,1,True,False,
4384,rapier3d-f64,0.32.0,/data/huanli/downloads/popular_crates/rapier3d-f64-0.32.0,exists,SUCCESS,164,9,1035,1044,4,19,9,16,32,True,False,
4387,nvml-wrapper-sys,0.9.1,/data/huanli/downloads/popular_crates/nvml-wrapper-sys-0.9.1,exists,SUCCESS,130,0,353,353,353,0,0,0,353,True,False,
4395,revm-bytecode,10.0.0,/data/huanli/downloads/popular_crates/revm-bytecode-10.0.0,exists,SUCCESS,9,5,64,69,3,4,1,3,8,True,False,
4396,nvml-wrapper,0.12.1,/data/huanli/downloads/popular_crates/nvml-wrapper-0.12.1,exists,SUCCESS,127,8,324,332,8,147,14,144,169,True,False,
4409,systemstat,0.2.6,/data/huanli/downloads/popular_crates/systemstat-0.2.6,exists,SUCCESS,17,13,8,21,0,1,3,0,4,True,False,
4422,miniserde,0.1.45,/data/huanli/downloads/popular_crates/miniserde-0.1.45,exists,SUCCESS,8,3,3,6,0,1,8,0,9,True,False,
4424,swc_ecma_transforms_optimization,44.0.0,/data/huanli/downloads/popular_crates/swc_ecma_transforms_optimization-44.0.0,exists,SUCCESS,6,13,0,13,0,0,1,0,1,True,False,
4429,wasi-common,44.0.1,/data/huanli/downloads/popular_crates/wasi-common-44.0.1,exists,SUCCESS,48,15,86,101,0,0,1,0,1,True,False,
4448,arrow-pyarrow,58.3.0,/data/huanli/downloads/popular_crates/arrow-pyarrow-58.3.0,exists,SUCCESS,3,0,5,5,0,0,3,0,3,True,False,
4459,flexbuffers,25.12.19,/data/huanli/downloads/popular_crates/flexbuffers-25.12.19,exists,SUCCESS,20,8,141,149,1,1,1,1,3,True,False,
4475,solana-keypair,3.1.2,/data/huanli/downloads/popular_crates/solana-keypair-3.1.2,exists,SUCCESS,1,6,8,14,0,1,0,1,1,True,False,
4479,stabby,72.1.1,/data/huanli/downloads/popular_crates/stabby-72.1.1,exists,SUCCESS,29,0,13,13,0,0,1,0,1,True,False,
4481,stabby-abi,72.1.1,/data/huanli/downloads/popular_crates/stabby-abi-72.1.1,exists,SUCCESS,449,2,930,932,51,57,284,45,392,True,False,
4491,oxc_allocator,0.130.0,/data/huanli/downloads/popular_crates/oxc_allocator-0.130.0,exists,SUCCESS,22,12,150,162,15,51,27,47,93,True,False,
4496,oxc_ast,0.130.0,/data/huanli/downloads/popular_crates/oxc_ast-0.130.0,exists,SUCCESS,264,4,1814,1818,0,62,1,62,63,True,False,
4499,oxc_syntax,0.130.0,/data/huanli/downloads/popular_crates/oxc_syntax-0.130.0,exists,SUCCESS,35,17,195,212,0,10,2,0,12,True,False,
4503,oxc_parser,0.130.0,/data/huanli/downloads/popular_crates/oxc_parser-0.130.0,exists,SUCCESS,31,199,111,310,1,9,99,8,109,True,False,
4525,swc_ecma_minifier,52.0.5,/data/huanli/downloads/popular_crates/swc_ecma_minifier-52.0.5,exists,SUCCESS,43,14,31,45,0,0,2,0,2,True,False,
4564,cargo-deny,0.19.6,/data/huanli/downloads/popular_crates/cargo-deny-0.19.6,exists,SUCCESS,152,31,80,111,0,0,1,0,1,True,False,
4578,command_attr,0.5.4,/data/huanli/downloads/popular_crates/command_attr-0.5.4,exists,SUCCESS,19,15,8,23,0,0,1,0,1,True,False,
4584,shuttle,0.9.1,/data/huanli/downloads/popular_crates/shuttle-0.9.1,exists,SUCCESS,73,63,331,394,12,1,4,1,17,True,False,
4585,oci-client,0.16.1,/data/huanli/downloads/popular_crates/oci-client-0.16.1,exists,SUCCESS,32,7,34,41,0,2,0,2,2,True,False,
4610,gdal,0.19.0,/data/huanli/downloads/popular_crates/gdal-0.19.0,exists,SUCCESS,93,42,477,519,22,91,27,79,140,True,False,
4631,solana-address,2.6.0,/data/huanli/downloads/popular_crates/solana-address-2.6.0,exists,SUCCESS,1,1,3,4,0,1,0,0,1,True,False,
4633,error-stack,0.7.0,/data/huanli/downloads/popular_crates/error-stack-0.7.0,exists,SUCCESS,123,132,64,196,0,1,8,1,9,True,False,
4636,russh-cryptovec,0.59.0,/data/huanli/downloads/popular_crates/russh-cryptovec-0.59.0,exists,SUCCESS,2,2,14,16,0,11,4,6,15,True,False,
4646,gdbstub,0.7.10,/data/huanli/downloads/popular_crates/gdbstub-0.7.10,exists,SUCCESS,97,8,54,62,0,3,0,2,3,True,False,
4648,wstd,0.6.6,/data/huanli/downloads/popular_crates/wstd-0.6.6,exists,SUCCESS,28,13,72,85,0,2,0,1,2,True,False,
4656,polars-stream,0.53.0,/data/huanli/downloads/popular_crates/polars-stream-0.53.0,exists,SUCCESS,158,55,248,303,3,10,21,9,34,True,False,
4666,i_overlay,6.0.0,/data/huanli/downloads/popular_crates/i_overlay-6.0.0,exists,SUCCESS,31,0,123,123,0,1,4,1,5,True,False,
4677,heed,0.22.1,/data/huanli/downloads/popular_crates/heed-0.22.1,exists,SUCCESS,40,6,204,210,37,17,3,17,57,True,False,
4700,ffmpeg-sys-next,8.1.0,/data/huanli/downloads/popular_crates/ffmpeg-sys-next-8.1.0,exists,SUCCESS,0,8,0,8,5,0,0,0,5,True,False,
4734,wayland-egl,0.32.11,/data/huanli/downloads/popular_crates/wayland-egl-0.32.11,exists,SUCCESS,2,1,5,6,1,1,0,0,2,True,False,
4748,solana-runtime,3.1.12,/data/huanli/downloads/popular_crates/solana-runtime-3.1.12,exists,SUCCESS,101,74,376,450,1,0,1,0,2,True,False,
4753,fuser,0.17.0,/data/huanli/downloads/popular_crates/fuser-0.17.0,exists,SUCCESS,61,6,83,89,3,0,65,0,68,True,False,
4792,safer-ffi,0.1.13,/data/huanli/downloads/popular_crates/safer-ffi-0.1.13,exists,SUCCESS,46,6,66,72,9,14,5,11,28,True,False,
4807,sonic-rs,0.5.8,/data/huanli/downloads/popular_crates/sonic-rs-0.5.8,exists,SUCCESS,47,33,148,181,13,5,31,4,49,True,False,
4813,ffmpeg-next,8.1.0,/data/huanli/downloads/popular_crates/ffmpeg-next-8.1.0,exists,SUCCESS,30,15,119,134,18,27,6,21,51,True,False,
4814,ic0,1.1.0,/data/huanli/downloads/popular_crates/ic0-1.1.0,exists,SUCCESS,0,143,0,143,67,76,0,0,143,True,False,
4828,solana-sbpf,0.20.0,/data/huanli/downloads/popular_crates/solana-sbpf-0.20.0,exists,SUCCESS,63,14,184,198,13,4,45,2,62,True,False,
4850,ijson,0.1.6,/data/huanli/downloads/popular_crates/ijson-0.1.6,exists,SUCCESS,24,6,119,125,5,27,40,20,72,True,False,
4865,solana-transaction-context,3.1.14,/data/huanli/downloads/popular_crates/solana-transaction-context-3.1.14,exists,SUCCESS,13,0,75,75,1,0,4,0,5,True,False,
4891,iddqd,0.4.0,/data/huanli/downloads/popular_crates/iddqd-0.4.0,exists,SUCCESS,31,0,138,138,0,28,0,28,28,True,False,
4894,opencv,0.98.2,/data/huanli/downloads/popular_crates/opencv-0.98.2,exists,SUCCESS,31,17,59,76,3,1,0,1,4,True,False,
4916,mea,0.6.3,/data/huanli/downloads/popular_crates/mea-0.6.3,exists,SUCCESS,51,5,158,163,0,6,8,6,14,True,False,
4975,blazesym-c,0.1.7,/data/huanli/downloads/popular_crates/blazesym-c-0.1.7,exists,SUCCESS,30,29,0,29,20,0,9,0,29,True,False,
5011,worker,0.8.3,/data/huanli/downloads/popular_crates/worker-0.8.3,exists,SUCCESS,131,62,445,507,0,1,15,0,16,True,False,
5024,gtk4,0.11.3,/data/huanli/downloads/popular_crates/gtk4-0.11.3,exists,SUCCESS,261,56,4498,4554,1,3,8,2,12,True,False,
5049,sc-executor-wasmtime,0.45.0,/data/huanli/downloads/popular_crates/sc-executor-wasmtime-0.45.0,exists,SUCCESS,9,4,5,9,2,1,0,0,3,True,False,
5051,gdk4,0.11.2,/data/huanli/downloads/popular_crates/gdk4-0.11.2,exists,SUCCESS,24,13,29,42,2,2,16,2,20,True,False,
5065,boa_interner,0.21.1,/data/huanli/downloads/popular_crates/boa_interner-0.21.1,exists,SUCCESS,4,0,17,17,0,1,6,1,7,True,False,
5066,boa_engine,0.21.1,/data/huanli/downloads/popular_crates/boa_engine-0.21.1,exists,SUCCESS,179,3,977,980,8,8,24,3,40,True,False,
5067,boa_gc,0.21.1,/data/huanli/downloads/popular_crates/boa_gc-0.21.1,exists,SUCCESS,12,2,44,46,7,3,6,1,16,True,False,
5074,gsk4-sys,0.11.1,/data/huanli/downloads/popular_crates/gsk4-sys-0.11.1,exists,SUCCESS,60,219,0,219,0,0,1,0,1,True,False,
5081,gsk4,0.11.1,/data/huanli/downloads/popular_crates/gsk4-0.11.1,exists,SUCCESS,9,0,6,6,0,7,25,7,32,True,False,
5094,fastwebsockets,0.10.0,/data/huanli/downloads/popular_crates/fastwebsockets-0.10.0,exists,SUCCESS,9,3,30,33,0,0,1,0,1,True,False,
5109,graphene-rs,0.22.0,/data/huanli/downloads/popular_crates/graphene-rs-0.22.0,exists,SUCCESS,2,0,0,0,0,5,0,5,5,True,False,
5135,candle-nn,0.10.2,/data/huanli/downloads/popular_crates/candle-nn-0.10.2,exists,SUCCESS,52,57,181,238,2,0,0,0,2,True,False,
5142,ra-ap-rustc_index,0.166.0,/data/huanli/downloads/popular_crates/ra-ap-rustc_index-0.166.0,exists,SUCCESS,11,0,127,127,0,2,0,0,2,True,False,
5184,icu_pattern,0.4.2,/data/huanli/downloads/popular_crates/icu_pattern-0.4.2,exists,SUCCESS,13,0,5,5,0,1,0,0,1,True,False,
5215,skia-safe,0.97.0,/data/huanli/downloads/popular_crates/skia-safe-0.97.0,exists,SUCCESS,108,186,1609,1795,18,44,20,40,82,True,False,
5218,libffi-sys,4.1.0,/data/huanli/downloads/popular_crates/libffi-sys-4.1.0,exists,SUCCESS,8,28,0,28,0,0,7,0,7,True,False,
5223,libffi,5.1.0,/data/huanli/downloads/popular_crates/libffi-5.1.0,exists,SUCCESS,78,13,273,286,14,94,46,40,154,True,False,
5275,solana-bucket-map,3.1.14,/data/huanli/downloads/popular_crates/solana-bucket-map-3.1.14,exists,SUCCESS,18,0,50,50,0,0,3,0,3,True,False,
5287,cranelift-egraph,0.91.1,/data/huanli/downloads/popular_crates/cranelift-egraph-0.91.1,exists,SUCCESS,15,0,53,53,0,3,2,3,5,True,False,
5294,lodepng,3.12.2,/data/huanli/downloads/popular_crates/lodepng-3.12.2,exists,SUCCESS,25,12,114,126,0,0,1,0,1,True,False,
5312,lightningcss,1.0.0-alpha.71,/data/huanli/downloads/popular_crates/lightningcss-1.0.0-alpha.71,exists,SUCCESS,454,6,280,286,0,87,7,86,94,True,False,
5340,boa_string,0.21.1,/data/huanli/downloads/popular_crates/boa_string-0.21.1,exists,SUCCESS,13,0,96,96,9,5,5,4,19,True,False,
5382,miniz_oxide_c_api,0.3.2,/data/huanli/downloads/popular_crates/miniz_oxide_c_api-0.3.2,exists,SUCCESS,15,50,9,59,37,0,1,0,38,True,False,
5389,wasmer-wasix-types,0.701.0,/data/huanli/downloads/popular_crates/wasmer-wasix-types-0.701.0,exists,SUCCESS,90,2,8,10,0,0,1,0,1,True,False,
5391,wasmer-wasix,0.701.0,/data/huanli/downloads/popular_crates/wasmer-wasix-0.701.0,exists,SUCCESS,195,220,572,792,8,7,10,1,25,True,False,
5417,solana-program-test,3.1.12,/data/huanli/downloads/popular_crates/solana-program-test-3.1.12,exists,SUCCESS,3,7,24,31,0,0,1,0,1,True,False,
5418,tss-esapi,7.7.0,/data/huanli/downloads/popular_crates/tss-esapi-7.7.0,exists,SUCCESS,193,74,456,530,0,4,0,4,4,True,False,
5422,stackfuture,0.3.1,/data/huanli/downloads/popular_crates/stackfuture-0.3.1,exists,SUCCESS,2,0,12,12,0,0,4,0,4,True,False,
5436,octets,0.3.5,/data/huanli/downloads/popular_crates/octets-0.3.5,exists,SUCCESS,3,2,57,59,0,17,0,17,17,True,False,
5456,grcov,0.10.7,/data/huanli/downloads/popular_crates/grcov-0.10.7,exists,SUCCESS,33,40,30,70,0,1,0,0,1,True,False,
5478,swc_sourcemap,10.0.2,/data/huanli/downloads/popular_crates/swc_sourcemap-10.0.2,exists,SUCCESS,33,21,137,158,0,1,0,1,1,True,False,
5519,fastnum,0.7.4,/data/huanli/downloads/popular_crates/fastnum-0.7.4,exists,SUCCESS,16,102,630,732,10,5,14,2,29,True,False,
5563,tract-core,0.22.1,/data/huanli/downloads/popular_crates/tract-core-0.22.1,exists,SUCCESS,194,114,431,545,7,7,7,7,21,True,False,
5564,diplomat-runtime,0.15.1,/data/huanli/downloads/popular_crates/diplomat-runtime-0.15.1,exists,SUCCESS,9,8,8,16,6,4,14,3,24,True,False,
5603,imbl,7.0.0,/data/huanli/downloads/popular_crates/imbl-7.0.0,exists,SUCCESS,40,4,277,281,0,0,11,0,11,True,False,
5609,tokio-boring,5.0.0,/data/huanli/downloads/popular_crates/tokio-boring-5.0.0,exists,SUCCESS,4,2,15,17,1,0,0,0,1,True,False,
5616,pathfinding,4.15.0,/data/huanli/downloads/popular_crates/pathfinding-4.15.0,exists,SUCCESS,18,49,76,125,1,1,0,1,2,True,False,
5634,solana-vote,3.1.14,/data/huanli/downloads/popular_crates/solana-vote-3.1.14,exists,SUCCESS,7,6,49,55,0,3,4,3,7,True,False,
5649,ic-stable-structures,0.7.2,/data/huanli/downloads/popular_crates/ic-stable-structures-0.7.2,exists,SUCCESS,47,1,172,173,0,1,5,1,6,True,False,
5689,tract-data,0.22.1,/data/huanli/downloads/popular_crates/tract-data-0.22.1,exists,SUCCESS,15,18,198,216,39,28,3,22,70,True,False,
5726,tract-linalg,0.22.1,/data/huanli/downloads/popular_crates/tract-linalg-0.22.1,exists,SUCCESS,50,38,71,109,8,2,14,0,24,True,False,
5744,twilight-model,0.17.1,/data/huanli/downloads/popular_crates/twilight-model-0.17.1,exists,SUCCESS,392,6,125,131,1,0,0,0,1,True,False,
5745,virtio-bindings,0.2.7,/data/huanli/downloads/popular_crates/virtio-bindings-0.2.7,exists,SUCCESS,101,0,20,20,8,0,1,0,9,True,False,
5750,libduckdb-sys,1.10502.0,/data/huanli/downloads/popular_crates/libduckdb-sys-1.10502.0,exists,SUCCESS,4,2,3,5,2,0,1,0,3,True,False,
5768,embassy-executor,0.10.0,/data/huanli/downloads/popular_crates/embassy-executor-0.10.0,exists,SUCCESS,15,7,34,41,12,2,13,2,27,True,False,
5786,duckdb,1.10502.0,/data/huanli/downloads/popular_crates/duckdb-1.10502.0,exists,SUCCESS,46,7,216,223,3,18,1,16,22,True,False,
5806,cranelift-jit,0.131.1,/data/huanli/downloads/popular_crates/cranelift-jit-0.131.1,exists,SUCCESS,6,0,14,14,1,0,5,0,6,True,False,
5815,quiche,0.28.0,/data/huanli/downloads/popular_crates/quiche-0.28.0,exists,SUCCESS,109,42,547,589,0,1,2,0,3,True,False,
5830,input,0.10.0,/data/huanli/downloads/popular_crates/input-0.10.0,exists,SUCCESS,61,0,140,140,2,4,7,4,13,True,False,
5839,aya,0.13.1,/data/huanli/downloads/popular_crates/aya-0.13.1,exists,SUCCESS,150,12,424,436,2,2,19,1,23,True,False,
5865,iced_core,0.14.0,/data/huanli/downloads/popular_crates/iced_core-0.14.0,exists,SUCCESS,135,71,300,371,1,0,0,0,1,True,False,
5883,oxc_semantic,0.130.0,/data/huanli/downloads/popular_crates/oxc_semantic-0.130.0,exists,SUCCESS,20,115,158,273,0,0,20,0,20,True,False,
5914,just,1.51.0,/data/huanli/downloads/popular_crates/just-1.51.0,exists,SUCCESS,14,3,0,3,0,0,1,0,1,True,False,
5917,tun,0.8.8,/data/huanli/downloads/popular_crates/tun-0.8.8,exists,SUCCESS,10,4,30,34,0,0,14,0,14,True,False,
5942,aya-obj,0.2.1,/data/huanli/downloads/popular_crates/aya-obj-0.2.1,exists,SUCCESS,180,2,180,182,2,99,3,98,104,True,False,
5947,tract-onnx-opl,0.22.1,/data/huanli/downloads/popular_crates/tract-onnx-opl-0.22.1,exists,SUCCESS,17,14,10,24,0,0,4,0,4,True,False,
5975,femtovg,0.24.0,/data/huanli/downloads/popular_crates/femtovg-0.24.0,exists,SUCCESS,76,2,291,293,2,0,3,0,5,True,False,
5979,rquickjs-core,0.11.0,/data/huanli/downloads/popular_crates/rquickjs-core-0.11.0,exists,SUCCESS,106,3,492,495,36,94,39,58,169,True,False,
5998,rquickjs-sys,0.11.0,/data/huanli/downloads/popular_crates/rquickjs-sys-0.11.0,exists,SUCCESS,0,26,0,26,22,1,0,0,23,True,False,
6006,wincode,0.5.3,/data/huanli/downloads/popular_crates/wincode-0.5.3,exists,SUCCESS,24,27,27,54,4,2,20,0,26,True,False,
6007,oxc_codegen,0.130.0,/data/huanli/downloads/popular_crates/oxc_codegen-0.130.0,exists,SUCCESS,10,2,24,26,0,1,1,1,2,True,False,
6037,frame-support,47.0.0,/data/huanli/downloads/popular_crates/frame-support-47.0.0,exists,SUCCESS,197,136,300,436,0,0,4,0,4,True,False,
6043,uefi,0.37.0,/data/huanli/downloads/popular_crates/uefi-0.37.0,exists,SUCCESS,307,70,569,639,49,106,149,51,304,True,False,
6101,bevy_platform,0.18.1,/data/huanli/downloads/popular_crates/bevy_platform-0.18.1,exists,SUCCESS,18,1,57,58,1,4,1,1,6,True,False,
6105,paho-mqtt,0.14.0,/data/huanli/downloads/popular_crates/paho-mqtt-0.14.0,exists,SUCCESS,46,10,335,345,10,12,1,12,23,True,False,
6119,skim,4.6.2,/data/huanli/downloads/popular_crates/skim-4.6.2,exists,SUCCESS,141,268,734,1002,0,0,2,0,2,True,False,
6130,oxc_ecmascript,0.130.0,/data/huanli/downloads/popular_crates/oxc_ecmascript-0.130.0,exists,SUCCESS,8,9,23,32,1,0,3,0,4,True,False,
6210,embassy-hal-internal,0.5.0,/data/huanli/downloads/popular_crates/embassy-hal-internal-0.5.0,exists,SUCCESS,9,1,43,44,8,10,1,10,19,True,False,
6241,tauri-plugin-http,2.5.9,/data/huanli/downloads/popular_crates/tauri-plugin-http-2.5.9,exists,SUCCESS,12,6,2,8,0,1,0,0,1,True,False,
6314,re_build_info,0.31.4,/data/huanli/downloads/popular_crates/re_build_info-0.31.4,exists,SUCCESS,3,0,17,17,0,0,1,0,1,True,False,
6316,riscv-rt,0.17.1,/data/huanli/downloads/popular_crates/riscv-rt-0.17.1,exists,SUCCESS,2,6,0,6,4,1,1,0,6,True,False,
6331,parry3d,0.26.0,/data/huanli/downloads/popular_crates/parry3d-0.26.0,exists,SUCCESS,44,151,184,335,0,3,3,1,6,True,False,
6355,re_log_types,0.31.4,/data/huanli/downloads/popular_crates/re_log_types-0.31.4,exists,SUCCESS,61,5,302,307,1,1,1,0,3,True,False,
6373,lightning,0.2.2,/data/huanli/downloads/popular_crates/lightning-0.2.2,exists,SUCCESS,395,68,817,885,0,0,1,0,1,True,False,
6398,icu_experimental,0.5.0,/data/huanli/downloads/popular_crates/icu_experimental-0.5.0,exists,SUCCESS,133,14,108,122,2,0,7,0,9,True,False,
6436,re_sdk,0.31.4,/data/huanli/downloads/popular_crates/re_sdk-0.31.4,exists,SUCCESS,32,6,183,189,0,1,0,0,1,True,False,
6437,wasmer-journal,0.701.0,/data/huanli/downloads/popular_crates/wasmer-journal-0.701.0,exists,SUCCESS,116,3,62,65,1,0,0,0,1,True,False,
6440,buddy_system_allocator,0.13.0,/data/huanli/downloads/popular_crates/buddy_system_allocator-0.13.0,exists,SUCCESS,5,5,17,22,4,3,2,3,9,True,False,
6452,minisign,0.9.1,/data/huanli/downloads/popular_crates/minisign-0.9.1,exists,SUCCESS,17,31,63,94,0,4,0,0,4,True,False,
6480,yrs,0.26.0,/data/huanli/downloads/popular_crates/yrs-0.26.0,exists,SUCCESS,135,10,368,378,1,0,0,0,1,True,False,
6496,p3-util,0.5.2,/data/huanli/downloads/popular_crates/p3-util-0.5.2,exists,SUCCESS,2,24,9,33,6,4,1,0,11,True,False,
6515,afl,0.18.2,/data/huanli/downloads/popular_crates/afl-0.18.2,exists,SUCCESS,2,19,1,20,0,1,0,0,1,True,False,
6516,solana-accounts-db,3.1.14,/data/huanli/downloads/popular_crates/solana-accounts-db-3.1.14,exists,SUCCESS,141,25,434,459,5,5,0,3,10,True,False,
6526,ra_ap_paths,0.0.332,/data/huanli/downloads/popular_crates/ra_ap_paths-0.0.332,exists,SUCCESS,4,0,30,30,0,2,0,0,2,True,False,
6549,alpm,5.0.2,/data/huanli/downloads/popular_crates/alpm-5.0.2,exists,SUCCESS,87,7,299,306,2,153,23,149,178,True,False,
6569,p3-field,0.5.2,/data/huanli/downloads/popular_crates/p3-field-0.5.2,exists,SUCCESS,8,25,36,61,0,1,8,0,9,True,False,
6576,p3-matrix,0.5.2,/data/huanli/downloads/popular_crates/p3-matrix-0.5.2,exists,SUCCESS,11,2,42,44,0,1,0,0,1,True,False,
6583,p3-dft,0.5.2,/data/huanli/downloads/popular_crates/p3-dft-0.5.2,exists,SUCCESS,9,1,1,2,0,0,2,0,2,True,False,
6646,re_query,0.31.4,/data/huanli/downloads/popular_crates/re_query-0.31.4,exists,SUCCESS,50,34,87,121,1,0,0,0,1,True,False,
6653,dioxus-signals,0.7.9,/data/huanli/downloads/popular_crates/dioxus-signals-0.7.9,exists,SUCCESS,18,2,67,69,0,0,8,0,8,True,False,
6654,croaring,2.6.0,/data/huanli/downloads/popular_crates/croaring-2.6.0,exists,SUCCESS,16,0,178,178,2,25,9,19,36,True,False,
6663,fltk,1.5.23,/data/huanli/downloads/popular_crates/fltk-1.5.23,exists,SUCCESS,210,359,1331,1690,41,60,6,53,107,True,False,
6674,ast-grep-core,0.42.2,/data/huanli/downloads/popular_crates/ast-grep-core-0.42.2,exists,SUCCESS,30,11,108,119,1,2,1,1,4,True,False,
6691,pingora-openssl,0.8.0,/data/huanli/downloads/popular_crates/pingora-openssl-0.8.0,exists,SUCCESS,0,18,0,18,1,0,0,0,1,True,False,
6703,zenoh-util,1.9.0,/data/huanli/downloads/popular_crates/zenoh-util-1.9.0,exists,SUCCESS,16,17,33,50,5,0,0,0,5,True,False,
6716,zenoh-protocol,1.9.0,/data/huanli/downloads/popular_crates/zenoh-protocol-1.9.0,exists,SUCCESS,117,21,155,176,0,7,5,6,12,True,False,
6731,skiplist,1.1.0,/data/huanli/downloads/popular_crates/skiplist-1.1.0,exists,SUCCESS,40,0,183,183,0,48,22,45,70,True,False,
6732,zenoh-collections,1.9.0,/data/huanli/downloads/popular_crates/zenoh-collections-1.9.0,exists,SUCCESS,3,0,12,12,0,0,3,0,3,True,False,
6737,zenoh-buffers,1.9.0,/data/huanli/downloads/popular_crates/zenoh-buffers-1.9.0,exists,SUCCESS,11,1,20,21,1,3,11,2,15,True,False,
6742,zenoh,1.9.0,/data/huanli/downloads/popular_crates/zenoh-1.9.0,exists,SUCCESS,126,5,343,348,3,0,3,0,6,True,False,
6751,zenoh-sync,1.9.0,/data/huanli/downloads/popular_crates/zenoh-sync-1.9.0,exists,SUCCESS,16,3,39,42,0,1,0,0,1,True,False,
6752,deno_web,0.278.0,/data/huanli/downloads/popular_crates/deno_web-0.278.0,exists,SUCCESS,25,43,13,56,0,3,2,2,5,True,False,
6753,ra_ap_base_db,0.0.332,/data/huanli/downloads/popular_crates/ra_ap_base_db-0.0.332,exists,SUCCESS,33,6,61,67,1,0,0,0,1,True,False,
6794,vhost-user-backend,0.22.0,/data/huanli/downloads/popular_crates/vhost-user-backend-0.22.0,exists,SUCCESS,12,0,21,21,0,0,1,0,1,True,False,
6817,odbc-api,25.0.0,/data/huanli/downloads/popular_crates/odbc-api-25.0.0,exists,SUCCESS,81,28,346,374,25,26,13,17,64,True,False,
6820,libcrux-platform,0.0.3,/data/huanli/downloads/popular_crates/libcrux-platform-0.0.3,exists,SUCCESS,0,8,0,8,0,0,2,0,2,True,False,
6826,ra_ap_hir_ty,0.0.332,/data/huanli/downloads/popular_crates/ra_ap_hir_ty-0.0.332,exists,SUCCESS,288,91,639,730,1,0,0,0,1,True,False,
6845,ra_ap_hir_def,0.0.332,/data/huanli/downloads/popular_crates/ra_ap_hir_def-0.0.332,exists,SUCCESS,220,22,406,428,2,0,0,0,2,True,False,
6859,webrtc-sys,0.3.30,/data/huanli/downloads/popular_crates/webrtc-sys-0.3.30,exists,SUCCESS,77,21,17,38,2,0,0,0,2,True,False,
6861,re_entity_db,0.31.4,/data/huanli/downloads/popular_crates/re_entity_db-0.31.4,exists,SUCCESS,34,4,158,162,1,0,0,0,1,True,False,
6896,tui-input,0.15.3,/data/huanli/downloads/popular_crates/tui-input-0.15.3,exists,SUCCESS,3,0,10,10,0,1,0,1,1,True,False,
6923,parry2d,0.26.0,/data/huanli/downloads/popular_crates/parry2d-0.26.0,exists,SUCCESS,44,175,184,359,0,3,3,1,6,True,False,
6955,native-dialog,0.9.6,/data/huanli/downloads/popular_crates/native-dialog-0.9.6,exists,SUCCESS,18,1,43,44,1,0,7,0,8,True,False,
7032,inkwell,0.9.0,/data/huanli/downloads/popular_crates/inkwell-0.9.0,exists,SUCCESS,133,13,1198,1211,98,337,85,319,520,True,False,
7036,lance-arrow,6.0.0,/data/huanli/downloads/popular_crates/lance-arrow-6.0.0,exists,SUCCESS,7,41,22,63,1,1,0,1,2,True,False,
7039,rlsf,0.2.2,/data/huanli/downloads/popular_crates/rlsf-0.2.2,exists,SUCCESS,5,8,14,22,13,4,3,2,20,True,False,
7060,lance-core,6.0.0,/data/huanli/downloads/popular_crates/lance-core-6.0.0,exists,SUCCESS,60,24,287,311,1,0,0,0,1,True,False,
7062,embassy-time-queue-utils,0.3.2,/data/huanli/downloads/popular_crates/embassy-time-queue-utils-0.3.2,exists,SUCCESS,4,0,13,13,0,1,1,1,2,True,False,
7075,resb,0.1.2,/data/huanli/downloads/popular_crates/resb-0.1.2,exists,SUCCESS,5,9,4,13,1,1,1,0,3,True,False,
7079,typst-utils,0.14.2,/data/huanli/downloads/popular_crates/typst-utils-0.14.2,exists,SUCCESS,13,15,27,42,3,0,0,0,3,True,False,
7082,lance-linalg,6.0.0,/data/huanli/downloads/popular_crates/lance-linalg-6.0.0,exists,SUCCESS,9,50,13,63,6,2,32,0,40,True,False,
7124,bevy-inspector-egui,0.36.0,/data/huanli/downloads/popular_crates/bevy-inspector-egui-0.36.0,exists,SUCCESS,26,127,68,195,0,3,0,2,3,True,False,
7128,lance-index,6.0.0,/data/huanli/downloads/popular_crates/lance-index-6.0.0,exists,SUCCESS,213,94,491,585,1,1,6,1,8,True,False,
7138,risc0-zkp,3.0.4,/data/huanli/downloads/popular_crates/risc0-zkp-3.0.4,exists,SUCCESS,33,17,69,86,0,1,8,0,9,True,False,
7140,risc0-zkvm-platform,2.2.2,/data/huanli/downloads/popular_crates/risc0-zkvm-platform-2.2.2,exists,SUCCESS,4,35,4,39,28,2,1,0,31,True,False,
7143,cargo-criterion,1.1.0,/data/huanli/downloads/popular_crates/cargo-criterion-1.1.0,exists,SUCCESS,75,20,83,103,0,4,1,4,5,True,False,
7202,risc0-zkvm,3.0.5,/data/huanli/downloads/popular_crates/risc0-zkvm-3.0.5,exists,SUCCESS,42,35,105,140,0,1,3,0,4,True,False,
7209,rp235x-hal,0.4.0,/data/huanli/downloads/popular_crates/rp235x-hal-0.4.0,exists,SUCCESS,203,111,522,633,36,105,37,57,178,True,False,
7215,re_types_builder,0.31.4,/data/huanli/downloads/popular_crates/re_types_builder-0.31.4,exists,SUCCESS,90,46,295,341,12,0,0,0,12,True,False,
7224,uucore,0.8.0,/data/huanli/downloads/popular_crates/uucore-0.8.0,exists,SUCCESS,18,40,42,82,0,2,0,1,2,True,False,
7258,polars-dtype,0.53.0,/data/huanli/downloads/popular_crates/polars-dtype-0.53.0,exists,SUCCESS,4,2,34,36,2,1,0,1,3,True,False,
7281,mmap-sync,2.0.4,/data/huanli/downloads/popular_crates/mmap-sync-2.0.4,exists,SUCCESS,11,3,7,10,1,0,1,0,2,True,False,
7292,uefi-raw,0.14.0,/data/huanli/downloads/popular_crates/uefi-raw-0.14.0,exists,SUCCESS,326,0,43,43,1,0,0,0,1,True,False,
7299,libcrux-traits,0.0.6,/data/huanli/downloads/popular_crates/libcrux-traits-0.0.6,exists,SUCCESS,37,1,23,24,0,0,4,0,4,True,False,
7336,sccache,0.15.0,/data/huanli/downloads/popular_crates/sccache-0.15.0,exists,SUCCESS,171,78,182,260,1,1,0,0,2,True,False,
7348,solana-core,3.1.12,/data/huanli/downloads/popular_crates/solana-core-3.1.12,exists,SUCCESS,195,21,337,358,0,0,2,0,2,True,False,
7385,lindera,3.0.7,/data/huanli/downloads/popular_crates/lindera-3.0.7,exists,SUCCESS,36,8,92,100,0,0,4,0,4,True,False,
7418,crash-handler,0.7.0,/data/huanli/downloads/popular_crates/crash-handler-0.7.0,exists,SUCCESS,2,12,0,12,2,9,0,0,11,True,False,
7420,h3o,0.9.5,/data/huanli/downloads/popular_crates/h3o-0.9.5,exists,SUCCESS,45,171,127,298,0,3,2,0,5,True,False,
7434,fuel-types,0.66.4,/data/huanli/downloads/popular_crates/fuel-types-0.66.4,exists,SUCCESS,17,7,72,79,0,14,3,0,17,True,False,
7438,peroxide,0.41.0,/data/huanli/downloads/popular_crates/peroxide-0.41.0,exists,SUCCESS,75,121,175,296,3,0,7,0,10,True,False,
7443,fuel-merkle,0.66.4,/data/huanli/downloads/popular_crates/fuel-merkle-0.66.4,exists,SUCCESS,28,16,73,89,1,0,0,0,1,True,False,
7452,fuel-crypto,0.66.4,/data/huanli/downloads/popular_crates/fuel-crypto-0.66.4,exists,SUCCESS,7,8,20,28,0,2,0,0,2,True,False,
7462,swc_css_utils,21.0.0,/data/huanli/downloads/popular_crates/swc_css_utils-21.0.0,exists,SUCCESS,6,13,0,13,0,1,1,0,2,True,False,
7474,rapier3d,0.32.0,/data/huanli/downloads/popular_crates/rapier3d-0.32.0,exists,SUCCESS,144,7,949,956,4,2,5,1,11,True,False,
7490,esp-println,0.17.0,/data/huanli/downloads/popular_crates/esp-println-0.17.0,exists,SUCCESS,2,1,1,2,0,1,0,0,1,True,False,
7491,zenoh-keyexpr,1.9.0,/data/huanli/downloads/popular_crates/zenoh-keyexpr-1.9.0,exists,SUCCESS,52,3,39,42,7,6,27,6,40,True,False,
7501,mupdf-sys,0.6.0,/data/huanli/downloads/popular_crates/mupdf-sys-0.6.0,exists,SUCCESS,3,1,4,5,1,0,0,0,1,True,False,
7512,mupdf,0.6.0,/data/huanli/downloads/popular_crates/mupdf-0.6.0,exists,SUCCESS,87,1,473,474,1,106,15,99,122,True,False,
7526,i-slint-core,1.16.1,/data/huanli/downloads/popular_crates/i-slint-core-1.16.1,exists,SUCCESS,210,83,471,554,4,36,26,30,66,True,False,
7531,zenoh-codec,1.9.0,/data/huanli/downloads/popular_crates/zenoh-codec-1.9.0,exists,SUCCESS,12,3,9,12,0,0,1,0,1,True,False,
7546,const-serialize,0.7.2,/data/huanli/downloads/popular_crates/const-serialize-0.7.2,exists,SUCCESS,10,3,34,37,1,1,3,1,5,True,False,
7551,z3,0.20.0,/data/huanli/downloads/popular_crates/z3-0.20.0,exists,SUCCESS,55,14,572,586,3,331,56,202,390,True,False,
7554,daachorse,3.0.0,/data/huanli/downloads/popular_crates/daachorse-3.0.0,exists,SUCCESS,38,0,86,86,6,7,9,7,22,True,False,
7581,pgrx-pg-sys,0.18.0,/data/huanli/downloads/popular_crates/pgrx-pg-sys-0.18.0,exists,SUCCESS,12,36,40,76,27,1,3,0,31,True,False,
7614,pgrx,0.18.0,/data/huanli/downloads/popular_crates/pgrx-0.18.0,exists,SUCCESS,124,110,558,668,148,100,126,65,374,True,False,
7616,lance-encoding,6.0.0,/data/huanli/downloads/popular_crates/lance-encoding-6.0.0,exists,SUCCESS,182,13,312,325,1,0,3,0,4,True,False,
7699,pdfium-render,0.9.1,/data/huanli/downloads/popular_crates/pdfium-render-0.9.1,exists,SUCCESS,144,0,1052,1052,4,75,50,73,129,True,False,
7713,p3-uni-stark,0.5.2,/data/huanli/downloads/popular_crates/p3-uni-stark-0.5.2,exists,SUCCESS,17,13,6,19,0,0,3,0,3,True,False,
7723,zenoh-runtime,1.9.0,/data/huanli/downloads/popular_crates/zenoh-runtime-1.9.0,exists,SUCCESS,4,0,4,4,0,0,1,0,1,True,False,
7750,minidumper,0.10.0,/data/huanli/downloads/popular_crates/minidumper-0.10.0,exists,SUCCESS,7,0,8,8,0,0,1,0,1,True,False,
7762,fsst,6.0.0,/data/huanli/downloads/popular_crates/fsst-6.0.0,exists,SUCCESS,0,2,0,2,0,0,1,0,1,True,False,
7767,p3-keccak-air,0.5.2,/data/huanli/downloads/popular_crates/p3-keccak-air-0.5.2,exists,SUCCESS,2,3,3,6,0,0,4,0,4,True,False,
7808,raptorq,2.0.1,/data/huanli/downloads/popular_crates/raptorq-2.0.1,exists,SUCCESS,27,29,136,165,0,6,4,2,10,True,False,
7809,jack,0.13.5,/data/huanli/downloads/popular_crates/jack-0.13.5,exists,SUCCESS,34,4,135,139,9,14,0,14,23,True,False,
7817,vtable,0.4.0,/data/huanli/downloads/popular_crates/vtable-0.4.0,exists,SUCCESS,10,0,40,40,4,23,13,15,40,True,False,
7842,typst-library,0.14.2,/data/huanli/downloads/popular_crates/typst-library-0.14.2,exists,SUCCESS,480,156,1202,1358,1,0,7,0,8,True,False,
7894,chroma-types,0.14.0,/data/huanli/downloads/popular_crates/chroma-types-0.14.0,exists,SUCCESS,286,55,218,273,0,0,1,0,1,True,False,
7897,lsm-tree,3.1.4,/data/huanli/downloads/popular_crates/lsm-tree-3.1.4,exists,SUCCESS,141,24,392,416,1,3,3,1,7,True,False,
7916,datagram-socket,0.8.0,/data/huanli/downloads/popular_crates/datagram-socket-0.8.0,exists,SUCCESS,7,3,40,43,0,1,1,0,2,True,False,
7942,esp32s3,0.35.2,/data/huanli/downloads/popular_crates/esp32s3-0.35.2,exists,SUCCESS,1460,0,11798,11798,5,10,1,10,16,True,False,
7946,cryptoki,0.12.0,/data/huanli/downloads/popular_crates/cryptoki-0.12.0,exists,SUCCESS,68,35,240,275,2,2,2,0,6,True,False,
7948,tree-sitter-tags,0.26.8,/data/huanli/downloads/popular_crates/tree-sitter-tags-0.26.8,exists,SUCCESS,10,12,5,17,10,0,0,0,10,True,False,
8021,ntex,3.9.3,/data/huanli/downloads/popular_crates/ntex-3.9.3,exists,SUCCESS,127,99,531,630,0,0,3,0,3,True,False,
8025,sp-statement-store,26.0.0,/data/huanli/downloads/popular_crates/sp-statement-store-26.0.0,exists,SUCCESS,8,4,31,35,0,0,1,0,1,True,False,
8041,wai-bindgen-wasmer,0.701.0,/data/huanli/downloads/popular_crates/wai-bindgen-wasmer-0.701.0,exists,SUCCESS,11,9,23,32,0,2,2,2,4,True,False,
8061,wgpu_glyph,0.28.0,/data/huanli/downloads/popular_crates/wgpu_glyph-0.28.0,exists,SUCCESS,6,1,32,33,0,0,1,0,1,True,False,
8103,sp1-core-executor,6.1.0,/data/huanli/downloads/popular_crates/sp1-core-executor-6.1.0,exists,SUCCESS,108,43,252,295,6,1,1,0,8,True,False,
8117,soroban-sdk,26.0.0,/data/huanli/downloads/popular_crates/soroban-sdk-26.0.0,exists,SUCCESS,52,1,462,463,0,27,18,21,45,True,False,
8126,agave-transaction-view,3.1.14,/data/huanli/downloads/popular_crates/agave-transaction-view-3.1.14,exists,SUCCESS,6,10,27,37,4,5,1,5,10,True,False,
8129,sp1-core-machine,6.1.0,/data/huanli/downloads/popular_crates/sp1-core-machine-6.1.0,exists,SUCCESS,226,21,203,224,0,2,60,0,62,True,False,
8146,agave-precompiles,3.1.14,/data/huanli/downloads/popular_crates/agave-precompiles-3.1.14,exists,SUCCESS,1,7,3,10,0,2,0,0,2,True,False,
8173,nu-protocol,0.112.2,/data/huanli/downloads/popular_crates/nu-protocol-0.112.2,exists,SUCCESS,234,46,908,954,0,0,2,0,2,True,False,
8198,sp1-recursion-compiler,6.1.0,/data/huanli/downloads/popular_crates/sp1-recursion-compiler-6.1.0,exists,SUCCESS,20,0,81,81,1,0,5,0,6,True,False,
8203,deno_graph,0.108.1,/data/huanli/downloads/popular_crates/deno_graph-0.108.1,exists,SUCCESS,180,46,345,391,0,17,1,17,18,True,False,
8218,xtensa-lx-rt,0.22.0,/data/huanli/downloads/popular_crates/xtensa-lx-rt-0.22.0,exists,SUCCESS,2,2,1,3,1,1,0,0,2,True,False,
8221,tract-pulse-opl,0.22.1,/data/huanli/downloads/popular_crates/tract-pulse-opl-0.22.1,exists,SUCCESS,10,6,2,8,1,0,1,0,2,True,False,
8235,glfw,0.62.0,/data/huanli/downloads/popular_crates/glfw-0.62.0,exists,SUCCESS,41,26,193,219,5,13,19,9,37,True,False,
8259,solana-unified-scheduler-logic,3.1.14,/data/huanli/downloads/popular_crates/solana-unified-scheduler-logic-3.1.14,exists,SUCCESS,5,0,20,20,1,0,0,0,1,True,False,
8294,near-sdk,5.26.1,/data/huanli/downloads/popular_crates/near-sdk-5.26.1,exists,SUCCESS,82,93,210,303,0,5,4,0,9,True,False,
8296,cloudflare-zlib-sys,0.3.7,/data/huanli/downloads/popular_crates/cloudflare-zlib-sys-0.3.7,exists,SUCCESS,4,67,0,67,4,0,0,0,4,True,False,
8297,libvips,1.7.6,/data/huanli/downloads/popular_crates/libvips-1.7.6,exists,SUCCESS,883,7195,354,7549,118,20,1,0,139,True,False,
8298,sp1-stark,5.2.4,/data/huanli/downloads/popular_crates/sp1-stark-5.2.4,exists,SUCCESS,53,20,128,148,0,0,2,0,2,True,False,
8410,sp1-recursion-core,5.2.4,/data/huanli/downloads/popular_crates/sp1-recursion-core-5.2.4,exists,SUCCESS,113,20,55,75,3,2,1,2,6,True,False,
8428,moto-rt,0.16.0,/data/huanli/downloads/popular_crates/moto-rt-0.16.0,exists,SUCCESS,20,111,25,136,6,83,14,0,103,True,False,
8460,futures-async-stream,0.2.13,/data/huanli/downloads/popular_crates/futures-async-stream-0.2.13,exists,SUCCESS,5,40,10,50,1,0,0,0,1,True,False,
8473,i-slint-backend-qt,1.16.1,/data/huanli/downloads/popular_crates/i-slint-backend-qt-1.16.1,exists,SUCCESS,26,5,9,14,1,0,0,0,1,True,False,
8495,libsql-ffi,0.9.30,/data/huanli/downloads/popular_crates/libsql-ffi-0.9.30,exists,SUCCESS,5,5,4,9,0,0,2,0,2,True,False,
8504,bbqueue,0.7.0,/data/huanli/downloads/popular_crates/bbqueue-0.7.0,exists,SUCCESS,14,0,30,30,0,8,10,8,18,True,False,
8516,rustfst,1.3.1,/data/huanli/downloads/popular_crates/rustfst-1.3.1,exists,SUCCESS,213,114,338,452,7,28,16,3,51,True,False,
8520,burn-ndarray,0.21.0,/data/huanli/downloads/popular_crates/burn-ndarray-0.21.0,exists,SUCCESS,10,1,34,35,1,0,1,0,2,True,False,
8528,syscalls,0.8.1,/data/huanli/downloads/popular_crates/syscalls-0.8.1,exists,SUCCESS,8,15,45,60,15,7,0,5,22,True,False,
8535,oxc_traverse,0.130.0,/data/huanli/downloads/popular_crates/oxc_traverse-0.130.0,exists,SUCCESS,311,5,1812,1817,2,1482,2,1481,1486,True,False,
8554,s2n-quic-core,0.79.0,/data/huanli/downloads/popular_crates/s2n-quic-core-0.79.0,exists,SUCCESS,536,31,780,811,15,12,15,4,42,True,False,
8556,ra_ap_intern,0.0.332,/data/huanli/downloads/popular_crates/ra_ap_intern-0.0.332,exists,SUCCESS,10,0,29,29,5,0,2,0,7,True,False,
8564,rapier2d,0.32.0,/data/huanli/downloads/popular_crates/rapier2d-0.32.0,exists,SUCCESS,144,7,949,956,4,2,5,1,11,True,False,
8574,fvm,4.8.2,/data/huanli/downloads/popular_crates/fvm-4.8.2,exists,SUCCESS,68,46,181,227,0,2,1,0,3,True,False,
8575,sc-service,0.58.0,/data/huanli/downloads/popular_crates/sc-service-0.58.0,exists,SUCCESS,38,27,63,90,0,1,0,0,1,True,False,
8591,surrealdb-core,3.0.5,/data/huanli/downloads/popular_crates/surrealdb-core-3.0.5,exists,SUCCESS,944,767,670,1437,0,1,2,0,3,True,False,
8605,esp32s2,0.31.2,/data/huanli/downloads/popular_crates/esp32s2-0.31.2,exists,SUCCESS,1113,0,9148,9148,5,28,1,28,34,True,False,
8610,esp-idf-sys,0.37.2,/data/huanli/downloads/popular_crates/esp-idf-sys-0.37.2,exists,SUCCESS,13,24,41,65,1,1,2,0,4,True,False,
8621,esp32c3,0.32.2,/data/huanli/downloads/popular_crates/esp32c3-0.32.2,exists,SUCCESS,937,0,6542,6542,5,18,1,18,24,True,False,
8630,oo7,0.6.0,/data/huanli/downloads/popular_crates/oo7-0.6.0,exists,SUCCESS,33,1,197,198,2,0,0,0,2,True,False,
8638,redis-module,2.0.8,/data/huanli/downloads/popular_crates/redis-module-2.0.8,exists,SUCCESS,100,164,217,381,34,13,19,10,66,True,False,
8687,solana-bls-signatures,3.3.0,/data/huanli/downloads/popular_crates/solana-bls-signatures-3.3.0,exists,SUCCESS,22,1,54,55,2,0,7,0,9,True,False,
8688,adblock,0.12.5,/data/huanli/downloads/popular_crates/adblock-0.12.5,exists,SUCCESS,77,36,177,213,8,12,1,11,21,True,False,
8699,s2n-codec,0.79.0,/data/huanli/downloads/popular_crates/s2n-codec-0.79.0,exists,SUCCESS,22,0,114,114,0,1,41,1,42,True,False,
8733,candle-metal-kernels,0.10.2,/data/huanli/downloads/popular_crates/candle-metal-kernels-0.10.2,exists,SUCCESS,34,51,66,117,0,1,0,1,1,True,False,
8741,frizbee,0.9.0,/data/huanli/downloads/popular_crates/frizbee-0.9.0,exists,SUCCESS,23,13,67,80,18,9,2,6,29,True,False,
8749,embassy-usb,0.6.0,/data/huanli/downloads/popular_crates/embassy-usb-0.6.0,exists,SUCCESS,90,3,161,164,0,1,13,0,14,True,False,
8772,esp32,0.40.2,/data/huanli/downloads/popular_crates/esp32-0.40.2,exists,SUCCESS,1138,0,9475,9475,5,17,1,17,23,True,False,
8797,libsql_replication,0.9.30,/data/huanli/downloads/popular_crates/libsql_replication-0.9.30,exists,SUCCESS,19,2,34,36,0,0,1,0,1,True,False,
8812,esp-riscv-rt,0.14.0,/data/huanli/downloads/popular_crates/esp-riscv-rt-0.14.0,exists,SUCCESS,0,1,0,1,1,0,0,0,1,True,False,
8813,oxc_minifier,0.130.0,/data/huanli/downloads/popular_crates/oxc_minifier-0.130.0,exists,SUCCESS,327,3,1954,1957,1,1482,2,1481,1485,True,False,
8822,tree-sitter-cli,0.26.8,/data/huanli/downloads/popular_crates/tree-sitter-cli-0.26.8,exists,SUCCESS,51,56,22,78,4,0,0,0,4,True,False,
8840,nu-utils,0.112.2,/data/huanli/downloads/popular_crates/nu-utils-0.112.2,exists,SUCCESS,13,24,41,65,0,2,0,1,2,True,False,
8849,embassy-usb-synopsys-otg,0.3.3,/data/huanli/downloads/popular_crates/embassy-usb-synopsys-otg-0.3.3,exists,SUCCESS,75,1,797,798,3,74,1,67,78,True,False,
8853,datafusion-ffi,53.1.0,/data/huanli/downloads/popular_crates/datafusion-ffi-53.1.0,exists,SUCCESS,83,9,20,29,0,0,25,0,25,True,False,
8854,acpi,6.1.1,/data/huanli/downloads/popular_crates/acpi-6.1.1,exists,SUCCESS,72,1,117,118,6,21,6,21,33,True,False,
8859,sp1-zkvm,6.1.0,/data/huanli/downloads/popular_crates/sp1-zkvm-6.1.0,exists,SUCCESS,1,46,0,46,2,1,0,0,3,True,False,
8911,toktrie,1.7.5,/data/huanli/downloads/popular_crates/toktrie-1.7.5,exists,SUCCESS,21,15,121,136,1,0,1,0,2,True,False,
8929,subsecond,0.7.9,/data/huanli/downloads/popular_crates/subsecond-0.7.9,exists,SUCCESS,14,5,6,11,4,3,0,2,7,True,False,
8971,esp-idf-hal,0.46.2,/data/huanli/downloads/popular_crates/esp-idf-hal-0.46.2,exists,SUCCESS,172,31,488,519,62,25,14,18,101,True,False,
8980,esp-hal,1.1.1,/data/huanli/downloads/popular_crates/esp-hal-1.1.1,exists,SUCCESS,23,18,50,68,3,4,3,0,10,True,False,
9027,esp-alloc,0.10.0,/data/huanli/downloads/popular_crates/esp-alloc-0.10.0,exists,SUCCESS,8,0,9,9,4,0,2,0,6,True,False,
9039,left-right,0.11.7,/data/huanli/downloads/popular_crates/left-right-0.11.7,exists,SUCCESS,6,2,18,20,3,0,2,0,5,True,False,
9057,rp2040-hal,0.12.0,/data/huanli/downloads/popular_crates/rp2040-hal-0.12.0,exists,SUCCESS,175,179,444,623,23,129,42,51,194,True,False,
9071,nu-system,0.112.2,/data/huanli/downloads/popular_crates/nu-system-0.112.2,exists,SUCCESS,8,12,24,36,1,2,1,0,4,True,False,
9079,ffi-convert,0.7.0,/data/huanli/downloads/popular_crates/ffi-convert-0.7.0,exists,SUCCESS,7,4,0,4,2,0,0,0,2,True,False,
9094,nusb,0.2.3,/data/huanli/downloads/popular_crates/nusb-0.2.3,exists,SUCCESS,54,24,170,194,5,5,6,3,16,True,False,
9148,ra_ap_span,0.0.332,/data/huanli/downloads/popular_crates/ra_ap_span-0.0.332,exists,SUCCESS,13,0,41,41,1,1,0,0,2,True,False,
9174,fsst-rs,0.5.10,/data/huanli/downloads/popular_crates/fsst-rs-0.5.10,exists,SUCCESS,4,2,24,26,2,4,6,3,12,True,False,
9180,rama-http-headers,0.2.0,/data/huanli/downloads/popular_crates/rama-http-headers-0.2.0,exists,SUCCESS,72,6,153,159,0,0,1,0,1,True,False,
9211,cubecl-common,0.10.0,/data/huanli/downloads/popular_crates/cubecl-common-0.10.0,exists,SUCCESS,33,9,74,83,1,1,0,1,2,True,False,
9229,rama-http-core,0.2.0,/data/huanli/downloads/popular_crates/rama-http-core-0.2.0,exists,SUCCESS,83,9,405,414,0,0,1,0,1,True,False,
9261,ph,0.11.0,/data/huanli/downloads/popular_crates/ph-0.11.0,exists,SUCCESS,40,11,160,171,0,7,19,7,26,True,False,
9268,talc,5.0.3,/data/huanli/downloads/popular_crates/talc-5.0.3,exists,SUCCESS,15,18,48,66,28,6,14,0,48,True,False,
9271,bellperson,0.27.0,/data/huanli/downloads/popular_crates/bellperson-0.27.0,exists,SUCCESS,40,45,106,151,0,4,0,0,4,True,False,
9284,esp32c6,0.23.2,/data/huanli/downloads/popular_crates/esp32c6-0.23.2,exists,SUCCESS,1935,0,13014,13014,5,14,1,14,20,True,False,
9290,risc0-zkos-v1compat,2.2.2,/data/huanli/downloads/popular_crates/risc0-zkos-v1compat-2.2.2,exists,SUCCESS,1,0,0,0,0,0,9,0,9,True,False,
9330,pco,1.0.2,/data/huanli/downloads/popular_crates/pco-1.0.2,exists,SUCCESS,55,57,90,147,19,8,7,5,34,True,False,
9373,stm32-metapac,21.0.0,/data/huanli/downloads/popular_crates/stm32-metapac-21.0.0,exists,SUCCESS,4,0,6,6,1,2,0,2,3,True,False,
9404,deno,2.7.14,/data/huanli/downloads/popular_crates/deno-2.7.14,exists,SUCCESS,639,279,1099,1378,0,1,2,0,3,True,False,
9410,esp32c2,0.29.2,/data/huanli/downloads/popular_crates/esp32c2-0.29.2,exists,SUCCESS,586,0,4146,4146,5,7,1,7,13,True,False,
9416,aya-log-common,0.1.15,/data/huanli/downloads/popular_crates/aya-log-common-0.1.15,exists,SUCCESS,4,1,0,1,0,0,1,0,1,True,False,
9443,melior,0.27.0,/data/huanli/downloads/popular_crates/melior-0.27.0,exists,SUCCESS,75,74,451,525,45,179,44,61,268,True,False,
9450,pallet-revive,0.15.0,/data/huanli/downloads/popular_crates/pallet-revive-0.15.0,exists,SUCCESS,189,142,312,454,0,4,1,4,5,True,False,
9464,dtls,0.17.1,/data/huanli/downloads/popular_crates/dtls-0.17.1,exists,SUCCESS,69,8,142,150,0,0,1,0,1,True,False,
9470,cubecl-runtime,0.10.0,/data/huanli/downloads/popular_crates/cubecl-runtime-0.10.0,exists,SUCCESS,113,12,187,199,5,3,2,3,10,True,False,
9472,oxc_transformer,0.130.0,/data/huanli/downloads/popular_crates/oxc_transformer-0.130.0,exists,SUCCESS,92,36,118,154,0,0,1,0,1,True,False,
9480,cubecl-core,0.10.0,/data/huanli/downloads/popular_crates/cubecl-core-0.10.0,exists,SUCCESS,83,220,318,538,21,6,4,4,31,True,False,
9528,cosmwasm-vm,3.0.5,/data/huanli/downloads/popular_crates/cosmwasm-vm-3.0.5,exists,SUCCESS,48,80,112,192,3,0,0,0,3,True,False,
9547,sailfish,0.11.1,/data/huanli/downloads/popular_crates/sailfish-0.11.1,exists,SUCCESS,9,12,18,30,6,3,22,2,31,True,False,
9578,web-transport-proto,0.6.0,/data/huanli/downloads/popular_crates/web-transport-proto-0.6.0,exists,SUCCESS,19,9,54,63,1,0,0,0,1,True,False,
9579,cubecl-cuda,0.10.0,/data/huanli/downloads/popular_crates/cubecl-cuda-0.10.0,exists,SUCCESS,15,4,25,29,1,0,1,0,2,True,False,
9589,deno_http,0.245.0,/data/huanli/downloads/popular_crates/deno_http-0.245.0,exists,SUCCESS,30,34,37,71,0,0,1,0,1,True,False,
9591,py-spy,0.4.2,/data/huanli/downloads/popular_crates/py-spy-0.4.2,exists,SUCCESS,7046,46,784,830,216,2,32,0,250,True,False,
9592,dbn,0.57.0,/data/huanli/downloads/popular_crates/dbn-0.57.0,exists,SUCCESS,96,21,469,490,14,7,7,6,28,True,False,
9635,geos,11.1.1,/data/huanli/downloads/popular_crates/geos-11.1.1,exists,SUCCESS,21,8,93,101,3,1,0,0,4,True,False,
9648,crossfire,3.1.10,/data/huanli/downloads/popular_crates/crossfire-3.1.10,exists,SUCCESS,67,27,213,240,12,7,31,7,50,True,False,
9671,s2n-quic-crypto,0.79.0,/data/huanli/downloads/popular_crates/s2n-quic-crypto-0.79.0,exists,SUCCESS,22,0,28,28,0,0,1,0,1,True,False,
9673,wasmtime-c-api-impl,44.0.1,/data/huanli/downloads/popular_crates/wasmtime-c-api-impl-44.0.1,exists,SUCCESS,70,376,69,445,146,1,19,1,166,True,False,
9692,esp32h2,0.19.2,/data/huanli/downloads/popular_crates/esp32h2-0.19.2,exists,SUCCESS,1493,0,9889,9889,5,15,1,15,21,True,False,
9698,lofty,0.24.0,/data/huanli/downloads/popular_crates/lofty-0.24.0,exists,SUCCESS,138,8,504,512,0,1,8,0,9,True,False,
9710,iroh-quinn-udp,0.8.0,/data/huanli/downloads/popular_crates/iroh-quinn-udp-0.8.0,exists,SUCCESS,5,1,12,13,0,0,4,0,4,True,False,
9720,ntex-service,4.6.0,/data/huanli/downloads/popular_crates/ntex-service-4.6.0,exists,SUCCESS,40,14,64,78,1,0,0,0,1,True,False,
9723,hayro-syntax,0.6.0,/data/huanli/downloads/popular_crates/hayro-syntax-0.6.0,exists,SUCCESS,118,2,142,144,0,0,1,0,1,True,False,
9743,esp-idf-svc,0.52.1,/data/huanli/downloads/popular_crates/esp-idf-svc-0.52.1,exists,SUCCESS,13,36,32,68,5,4,6,2,15,True,False,
9749,asio-sys,0.2.6,/data/huanli/downloads/popular_crates/asio-sys-0.2.6,exists,SUCCESS,21,0,22,22,0,0,1,0,1,True,False,
9761,rust-htslib,1.0.0,/data/huanli/downloads/popular_crates/rust-htslib-1.0.0,exists,SUCCESS,70,9,336,345,7,23,12,22,42,True,False,
9776,alacritty_terminal,0.26.0,/data/huanli/downloads/popular_crates/alacritty_terminal-0.26.0,exists,SUCCESS,48,7,124,131,0,2,0,1,2,True,False,
9785,iroh-quinn-proto,0.15.1,/data/huanli/downloads/popular_crates/iroh-quinn-proto-0.15.1,exists,SUCCESS,104,0,204,204,1,0,1,0,2,True,False,
9788,openxr-sys,0.13.1,/data/huanli/downloads/popular_crates/openxr-sys-0.13.1,exists,SUCCESS,845,1,739,740,0,179,0,0,179,True,False,
9790,s2n-quic-transport,0.79.0,/data/huanli/downloads/popular_crates/s2n-quic-transport-0.79.0,exists,SUCCESS,116,0,494,494,0,5,2,4,7,True,False,
9816,ml-dsa,0.0.4,/data/huanli/downloads/popular_crates/ml-dsa-0.0.4,exists,SUCCESS,17,5,26,31,0,0,7,0,7,True,False,
9818,ntex-rt,3.14.1,/data/huanli/downloads/popular_crates/ntex-rt-3.14.1,exists,SUCCESS,18,8,69,77,3,2,2,2,7,True,False,
9823,s2n-quic-platform,0.79.0,/data/huanli/downloads/popular_crates/s2n-quic-platform-0.79.0,exists,SUCCESS,43,156,80,236,2,9,8,5,19,True,False,
9829,diffutils,0.5.0,/data/huanli/downloads/popular_crates/diffutils-0.5.0,exists,SUCCESS,14,29,0,29,0,0,2,0,2,True,False,
9865,opencl3,0.12.3,/data/huanli/downloads/popular_crates/opencl3-0.12.3,exists,SUCCESS,11,3,336,339,29,0,0,0,29,True,False,
9868,deno_runtime,0.255.0,/data/huanli/downloads/popular_crates/deno_runtime-0.255.0,exists,SUCCESS,50,34,57,91,0,0,1,0,1,True,False,
9876,near-sys,0.2.9,/data/huanli/downloads/popular_crates/near-sys-0.2.9,exists,SUCCESS,0,76,0,76,1,0,0,0,1,True,False,
9879,openxr,0.21.1,/data/huanli/downloads/popular_crates/openxr-0.21.1,exists,SUCCESS,327,2,632,634,192,18,1,17,211,True,False,
9880,apollo-compiler,1.31.1,/data/huanli/downloads/popular_crates/apollo-compiler-1.31.1,exists,SUCCESS,101,3,389,392,0,1,0,0,1,True,False,
9886,cubecl-hip,0.10.0,/data/huanli/downloads/popular_crates/cubecl-hip-0.10.0,exists,SUCCESS,15,0,23,23,0,1,1,1,2,True,False,
9918,core-models,0.0.5,/data/huanli/downloads/popular_crates/core-models-0.0.5,exists,SUCCESS,3,170,20,190,3,0,5,0,8,True,False,
9930,parry2d-f64,0.26.0,/data/huanli/downloads/popular_crates/parry2d-f64-0.26.0,exists,SUCCESS,44,175,184,359,0,3,3,1,6,True,False,
9941,lightning-net-tokio,0.2.0,/data/huanli/downloads/popular_crates/lightning-net-tokio-0.2.0,exists,SUCCESS,1,3,0,3,0,0,2,0,2,True,False,
9955,surrealkv,0.21.1,/data/huanli/downloads/popular_crates/surrealkv-0.21.1,exists,SUCCESS,59,5,149,154,0,2,16,1,18,True,False,
9961,ntex-bytes,1.6.7,/data/huanli/downloads/popular_crates/ntex-bytes-1.6.7,exists,SUCCESS,11,0,88,88,3,5,43,5,51,True,False,
9984,deno_permissions,0.106.0,/data/huanli/downloads/popular_crates/deno_permissions-0.106.0,exists,SUCCESS,60,10,180,190,0,0,1,0,1,True,False,
9997,fuse-backend-rs,0.14.0,/data/huanli/downloads/popular_crates/fuse-backend-rs-0.14.0,exists,SUCCESS,79,4,47,51,7,1,0,1,8,True,False,
